year,ID,start_V,end_V,LMI,duration_before_LMI,duration_after_LMI,intensity_range_1,intensity_range_2,total_intensity_range,start_P,end_P,LMP,type,start_lat,LMI_lat,end_lat
1982,EP011982,35.0,25.0,55.0,31.5,157.5,20.0,30.0,50.0,,,,medium,12.8,14.1,15.7
1983,EP011983,35.0,33.0,95.0,64.5,100.5,60.0,62.0,122.0,,,,medium,8.0,11.4,22.9
1984,EP011984,35.0,30.0,50.0,22.5,55.5,15.0,20.0,35.0,,,,short,9.3,9.5,9.6
1985,EP011985,35.0,25.0,60.0,43.5,115.5,25.0,35.0,60.0,,,,medium,15.7,17.0,15.8
1986,EP011986,35.0,25.0,65.0,43.5,85.5,30.0,40.0,70.0,,,,medium,10.3,15.8,13.9
1987,EP011987,35.0,20.0,40.0,7.5,31.5,5.0,20.0,25.0,,,,short,11.8,12.3,13.5
1988,EP011988,35.0,15.0,60.0,25.5,85.5,25.0,45.0,70.0,1004.0,1012.0,992.0,medium,14.8,16.1,17.0
1989,EP011989,35.0,25.0,55.0,19.5,91.5,20.0,30.0,50.0,1004.0,1010.0,994.0,medium,10.5,11.3,15.9
1990,EP011990,35.0,20.0,75.0,55.5,55.5,40.0,55.0,95.0,1005.0,1009.0,979.0,medium,11.7,13.4,14.0
1991,EP011991,35.0,25.0,55.0,13.5,61.5,20.0,30.0,50.0,1005.0,1009.0,994.0,short,11.0,10.7,10.9
1992,EP011992,35.0,20.0,60.0,19.5,73.5,25.0,40.0,65.0,1001.0,1009.0,990.0,short,12.5,15.0,17.4
1993,EP011993,35.0,25.0,75.0,91.5,85.5,40.0,50.0,90.0,1005.0,1011.0,979.0,medium,9.9,13.0,13.5
1994,EP011994,35.0,25.0,45.0,19.5,79.5,10.0,20.0,30.0,1005.0,1010.0,999.0,short,13.5,13.8,18.3
1996,EP011996,35.0,25.0,45.0,10.5,61.5,10.0,20.0,30.0,1005.0,1009.0,1000.0,short,11.7,12.1,14.2
1997,EP011997,35.0,25.0,45.0,37.5,73.5,10.0,20.0,30.0,1005.0,1003.0,998.0,medium,11.4,14.6,13.0
1998,EP011998,35.0,20.0,55.0,22.5,67.5,20.0,35.0,55.0,1003.0,1009.0,993.0,short,13.2,16.3,19.9
1999,EP011999,35.0,25.0,85.0,49.5,49.5,50.0,60.0,110.0,1004.0,1004.0,973.0,short,14.2,17.8,18.8
2000,EP012000,35.0,25.0,90.0,37.5,79.5,55.0,65.0,120.0,1002.0,1005.0,970.0,medium,14.5,14.8,16.1
2001,EP012001,35.0,30.0,125.0,55.5,91.5,90.0,95.0,185.0,1004.0,1006.0,940.0,medium,13.6,15.0,16.4
2002,EP012002,35.0,25.0,100.0,91.5,55.5,65.0,75.0,140.0,1004.0,1009.0,960.0,medium,10.7,15.3,17.8
2003,EP012003,35.0,28.0,50.0,16.5,112.5,15.0,22.0,37.0,1004.0,1008.0,997.0,medium,9.6,9.7,14.4
2004,EP012004,35.0,25.0,50.0,13.5,34.5,15.0,25.0,40.0,1005.0,1006.0,997.0,short,16.0,17.1,18.8
2005,EP012005,35.0,20.0,70.0,43.5,31.5,35.0,50.0,85.0,1004.0,1008.0,983.0,short,10.1,12.5,13.4
2006,EP012006,35.0,25.0,40.0,13.5,64.5,5.0,15.0,20.0,1003.0,1007.0,1002.0,short,15.5,15.6,16.3
2007,EP012007,35.0,25.0,35.0,1.5,70.5,0.0,10.0,10.0,1004.0,1008.0,1003.0,short,12.8,12.8,12.8
2008,EP012008,35.0,25.0,55.0,13.5,19.5,20.0,30.0,50.0,1002.0,1006.0,994.0,short,10.7,12.0,15.0
2010,EP012010,35.0,20.0,40.0,13.5,16.5,5.0,20.0,25.0,1004.0,1007.0,1001.0,short,13.0,13.9,15.5
2011,EP012011,35.0,35.0,120.0,49.5,58.5,85.0,85.0,170.0,1003.0,1004.0,944.0,medium,11.7,14.5,16.1
2012,EP012012,35.0,25.0,45.0,19.5,82.5,10.0,20.0,30.0,1004.0,1006.0,1000.0,medium,10.4,11.1,14.6
2013,EP012013,35.0,35.0,50.0,13.5,19.5,15.0,15.0,30.0,1005.0,1004.0,1000.0,short,8.4,8.9,9.6
2014,EP012014,35.0,30.0,135.0,43.5,97.5,100.0,105.0,205.0,1005.0,1004.0,932.0,medium,10.9,11.7,16.2
2015,EP012015,35.0,40.0,125.0,94.5,76.5,90.0,85.0,175.0,1004.0,1002.0,937.0,medium,10.9,15.4,20.2
2017,EP012017,35.0,33.0,40.0,7.5,16.5,5.0,7.0,12.0,1005.0,1005.0,1004.0,short,9.5,9.7,10.4
2019,EP012019,35.0,35.0,65.0,37.5,28.5,30.0,30.0,60.0,1005.0,1005.0,992.0,short,14.6,17.0,20.0
2021,EP012021,35.0,25.0,35.0,1.5,40.5,0.0,10.0,10.0,1005.0,1007.0,1005.0,short,13.7,13.7,15.9
2022,EP012022,35.0,25.0,95.0,37.5,46.5,60.0,70.0,130.0,1004.0,1005.0,964.0,short,12.9,14.0,17.4
2023,EP012023,35.0,33.0,90.0,70.5,46.5,55.0,57.0,112.0,1004.0,1005.0,970.0,medium,15.2,17.0,19.2
2024,EP012024,35.0,23.0,35.0,1.5,34.5,0.0,12.0,12.0,1005.0,1007.0,1005.0,short,17.1,17.1,18.6
1982,EP021982_2,35.0,30.0,45.0,10.5,37.5,10.0,15.0,25.0,,,,short,13.0,13.3,13.4
1983,EP021983,35.0,20.0,115.0,91.5,109.5,80.0,95.0,175.0,,,,long,11.1,13.5,20.0
1984,EP021984,35.0,25.0,65.0,37.5,445.5,30.0,40.0,70.0,,,,long,11.7,13.4,20.3
1985,EP021985,35.0,25.0,105.0,163.5,67.5,70.0,80.0,150.0,,,,long,10.6,16.5,17.2
1986,EP021986,35.0,25.0,35.0,1.5,25.5,0.0,10.0,10.0,,,,short,9.0,9.0,10.5
1987,EP021987,35.0,20.0,45.0,31.5,37.5,10.0,25.0,35.0,,,,short,13.8,16.5,20.5
1988,EP021988,35.0,30.0,45.0,19.5,13.5,10.0,15.0,25.0,1004.0,1005.0,1000.0,short,14.0,15.1,16.0
1989,EP021989,35.0,20.0,70.0,37.5,67.5,35.0,50.0,85.0,1005.0,1011.0,984.0,medium,14.0,16.2,17.7
1990,EP021990,35.0,20.0,80.0,37.5,73.5,45.0,60.0,105.0,1005.0,1010.0,977.0,medium,13.1,16.7,24.4
1991,EP021991,35.0,25.0,55.0,73.5,49.5,20.0,30.0,50.0,1005.0,1009.0,994.0,medium,12.3,12.6,14.5
1993,EP021993,35.0,30.0,55.0,31.5,7.5,20.0,25.0,45.0,1005.0,1004.0,995.0,short,13.6,15.9,17.0
1994,EP021994,35.0,20.0,40.0,7.5,43.5,5.0,20.0,25.0,1006.0,1010.0,1003.0,short,15.9,16.0,18.4
1995,EP021995,35.0,20.0,115.0,55.5,73.5,80.0,95.0,175.0,1005.0,1006.0,948.0,medium,12.5,17.1,18.4
1997,EP021997,35.0,25.0,40.0,7.5,49.5,5.0,15.0,20.0,1005.0,1008.0,1002.0,short,14.6,14.8,16.6
1999,EP021999,35.0,25.0,105.0,85.5,97.5,70.0,80.0,150.0,1005.0,1007.0,955.0,medium,13.1,14.5,19.8
2000,EP022000,35.0,25.0,45.0,13.5,85.5,10.0,20.0,30.0,1000.0,1002.0,994.0,short,13.9,14.9,20.2
2001,EP022001,35.0,25.0,50.0,19.5,115.5,15.0,25.0,40.0,1005.0,1014.0,997.0,medium,13.2,14.7,23.1
2002,EP022002,35.0,23.0,50.0,10.5,58.5,15.0,27.0,42.0,1003.0,1005.0,997.0,short,16.6,16.8,17.1
2003,EP022003,35.0,23.0,50.0,25.5,88.5,15.0,27.0,42.0,1001.0,1010.0,997.0,medium,16.5,16.7,15.7
2005,EP022005,35.0,28.0,45.0,13.5,28.5,10.0,17.0,27.0,1003.0,1006.0,1000.0,short,14.8,15.7,17.2
2007,EP022007,35.0,25.0,45.0,49.5,31.5,10.0,20.0,30.0,1005.0,1006.0,1000.0,short,14.0,13.2,15.2
2008,EP022008,35.0,23.0,70.0,115.5,52.5,35.0,47.0,82.0,1005.0,1006.0,985.0,medium,12.6,15.7,17.1
2009,EP022009,35.0,25.0,70.0,37.5,37.5,35.0,45.0,80.0,1001.0,1002.0,984.0,short,14.6,17.2,21.5
2011,EP022011,35.0,25.0,80.0,37.5,19.5,45.0,55.0,100.0,1004.0,1003.0,977.0,short,14.1,18.5,19.0
2012,EP022012,35.0,48.0,100.0,73.5,28.5,65.0,52.0,117.0,1004.0,999.0,961.0,medium,9.7,16.8,19.8
2013,EP022013,35.0,28.0,65.0,25.5,16.5,30.0,37.0,67.0,1004.0,1003.0,986.0,short,14.1,15.7,17.9
2014,EP022014,35.0,23.0,40.0,7.5,22.5,5.0,17.0,22.0,999.0,1005.0,998.0,short,14.4,14.9,15.9
2015,EP022015,35.0,28.0,125.0,55.5,130.5,90.0,97.0,187.0,1004.0,1003.0,936.0,medium,13.3,12.3,27.9
2016,EP022016,35.0,30.0,45.0,13.5,46.5,10.0,15.0,25.0,1005.0,1008.0,1002.0,short,15.8,16.8,19.3
2017,EP022017,35.0,30.0,40.0,7.5,19.5,5.0,10.0,15.0,1003.0,1006.0,1001.0,short,14.5,14.8,16.3
2018,EP022018,35.0,33.0,120.0,55.5,70.5,85.0,87.0,172.0,1004.0,1004.0,943.0,medium,14.2,15.7,16.9
2019,EP022019,35.0,48.0,135.0,67.5,70.5,100.0,87.0,187.0,1006.0,998.0,930.0,medium,10.4,13.0,18.7
2020,EP022020,35.0,35.0,35.0,1.5,7.5,0.0,0.0,0.0,1003.0,1003.0,1003.0,short,13.3,13.3,14.1
2021,EP022021,35.0,28.0,50.0,19.5,64.5,15.0,22.0,37.0,1004.0,1006.0,998.0,short,12.5,13.9,15.6
2022,EP022022,35.0,38.0,75.0,37.5,94.5,40.0,37.0,77.0,1004.0,1003.0,978.0,medium,13.6,15.1,18.9
2023,EP022023,35.0,55.0,75.0,31.5,13.5,40.0,20.0,60.0,1004.0,999.0,992.0,short,14.3,17.5,19.2
2024,EP022024,35.0,38.0,50.0,13.5,22.5,15.0,12.0,27.0,1007.0,1006.0,1001.0,short,16.9,17.8,18.8
1982,EP031982_2,35.0,25.0,50.0,49.5,55.5,15.0,25.0,40.0,,,,medium,13.6,17.9,21.4
1983,EP031983,35.0,25.0,35.0,1.5,31.5,0.0,10.0,10.0,,,,short,14.8,14.8,17.6
1984,EP031984,35.0,30.0,90.0,73.5,133.5,55.0,60.0,115.0,,,,long,14.0,14.8,21.5
1985,EP031985,35.0,25.0,35.0,1.5,19.5,0.0,10.0,10.0,,,,short,8.8,8.8,11.0
1986,EP031986,35.0,20.0,75.0,49.5,67.5,40.0,55.0,95.0,,,,medium,10.7,15.6,24.0
1987,EP031987,35.0,20.0,55.0,55.5,43.5,20.0,35.0,55.0,,,,short,13.1,14.8,17.0
1988,EP031988,35.0,20.0,65.0,43.5,103.5,30.0,45.0,75.0,1005.0,1012.0,994.0,medium,13.9,17.3,21.0
1989,EP031989,35.0,20.0,75.0,49.5,37.5,40.0,55.0,95.0,998.0,1008.0,979.0,short,13.0,15.6,25.9
1990,EP031990,35.0,20.0,55.0,67.5,97.5,20.0,35.0,55.0,1005.0,1011.0,994.0,medium,12.3,15.0,17.6
1991,EP031991,35.0,25.0,105.0,175.5,79.5,70.0,80.0,150.0,1005.0,1011.0,955.0,long,12.3,15.3,16.7
1992,EP031992,35.0,30.0,35.0,1.5,19.5,0.0,5.0,5.0,1005.0,1008.0,1004.0,short,16.5,16.5,16.1
1994,EP031994,35.0,25.0,90.0,37.5,121.5,55.0,65.0,120.0,1005.0,1009.0,967.0,medium,13.1,16.6,21.0
1995,EP031995,35.0,25.0,120.0,133.5,103.5,85.0,95.0,180.0,1005.0,1009.0,940.0,long,12.0,14.2,17.3
1996,EP031996,35.0,25.0,90.0,67.5,91.5,55.0,65.0,120.0,1005.0,1009.0,969.0,medium,14.4,17.2,18.7
1998,EP031998,35.0,20.0,120.0,67.5,133.5,85.0,100.0,185.0,1005.0,1009.0,943.0,long,9.7,15.3,18.0
2000,EP032000,35.0,25.0,135.0,55.5,103.5,100.0,110.0,210.0,1002.0,1004.0,932.0,medium,12.9,15.1,24.5
2001,EP032001,35.0,25.0,40.0,7.5,37.5,5.0,15.0,20.0,1003.0,1006.0,1000.0,short,15.8,16.3,19.2
2003,EP032003,35.0,28.0,55.0,13.5,16.5,20.0,27.0,47.0,1003.0,1003.0,996.0,short,14.7,15.7,16.6
2004,EP032004,35.0,30.0,55.0,19.5,40.5,20.0,25.0,45.0,1002.0,1006.0,991.0,short,15.5,18.4,23.1
2005,EP032005,35.0,23.0,45.0,19.5,40.5,10.0,22.0,32.0,1003.0,1006.0,1000.0,short,13.5,14.7,14.9
2006,EP032006,35.0,23.0,110.0,52.5,76.5,75.0,87.0,162.0,1005.0,1010.0,953.0,medium,13.4,17.2,22.2
2008,EP032008,35.0,30.0,45.0,7.5,46.5,10.0,15.0,25.0,1005.0,1006.0,999.0,short,14.4,14.6,14.1
2009,EP032009,35.0,25.0,45.0,13.5,52.5,10.0,20.0,30.0,1002.0,1007.0,998.0,short,17.1,18.0,21.6
2010,EP032010,35.0,28.0,55.0,49.5,52.5,20.0,27.0,47.0,1003.0,1009.0,994.0,medium,15.0,16.5,17.5
2011,EP032011,35.0,35.0,70.0,25.5,28.5,35.0,35.0,70.0,1003.0,1001.0,984.0,short,15.7,16.7,17.6
2012,EP032012,35.0,23.0,95.0,40.5,25.5,60.0,72.0,132.0,1003.0,1006.0,973.0,short,9.8,14.9,17.9
2013,EP032013,35.0,40.0,75.0,49.5,34.5,40.0,35.0,75.0,1003.0,1002.0,980.0,short,12.2,17.8,20.1
2014,EP032014,35.0,38.0,130.0,55.5,64.5,95.0,92.0,187.0,1005.0,1003.0,935.0,medium,15.5,16.4,19.8
2015,EP032015,35.0,30.0,80.0,127.5,22.5,45.0,50.0,95.0,1001.0,1005.0,978.0,medium,13.7,17.7,20.0
2016,EP032016,35.0,33.0,120.0,70.5,100.5,85.0,87.0,172.0,1007.0,1005.0,947.0,medium,11.2,14.3,21.0
2017,EP032017,35.0,30.0,40.0,7.5,7.5,5.0,10.0,15.0,1005.0,1007.0,1004.0,short,15.6,15.9,16.2
2018,EP032018,35.0,35.0,120.0,49.5,82.5,85.0,85.0,170.0,1003.0,1002.0,943.0,medium,12.7,17.3,24.3
2019,EP032019,45.0,33.0,45.0,1.5,34.5,0.0,12.0,12.0,1001.0,1005.0,1001.0,short,15.5,15.5,18.7
2020,EP032020,35.0,28.0,35.0,1.5,52.5,0.0,7.0,7.0,1005.0,1008.0,1005.0,short,11.0,11.0,12.3
2021,EP032021,35.0,28.0,45.0,13.5,76.5,10.0,17.0,27.0,1007.0,1008.0,1003.0,short,11.8,11.9,9.0
2022,EP032022,35.0,30.0,50.0,175.5,106.5,15.0,20.0,35.0,1004.0,1008.0,997.0,long,10.8,16.8,22.2
2023,EP032023,35.0,38.0,110.0,85.5,118.5,75.0,72.0,147.0,1006.0,1008.0,953.0,long,11.7,13.7,17.8
2024,EP032024,35.0,40.0,80.0,61.5,70.5,45.0,40.0,85.0,1005.0,1003.0,979.0,medium,15.0,18.7,20.6
1982,EP041982,35.0,25.0,100.0,85.5,277.5,65.0,75.0,140.0,,,,long,10.1,14.3,20.4
1983,EP041983,35.0,20.0,60.0,31.5,97.5,25.0,40.0,65.0,,,,medium,13.5,16.9,19.5
1984,EP041984,35.0,25.0,125.0,79.5,187.5,90.0,100.0,190.0,,,,long,10.4,13.8,20.7
1985,EP041985,35.0,25.0,100.0,85.5,109.5,65.0,75.0,140.0,,,,medium,10.5,17.5,26.9
1986,EP041986,35.0,25.0,35.0,1.5,49.5,0.0,10.0,10.0,,,,short,18.1,18.1,19.5
1987,EP041987,35.0,25.0,50.0,49.5,61.5,15.0,25.0,40.0,,,,medium,15.8,17.9,21.7
1988,EP041988,35.0,20.0,55.0,97.5,67.5,20.0,35.0,55.0,1005.0,1010.0,994.0,medium,15.1,22.2,25.5
1990,EP041990,35.0,30.0,55.0,31.5,67.5,20.0,25.0,45.0,1005.0,1009.0,992.0,short,14.2,16.7,20.9
1991,EP041991,35.0,25.0,75.0,43.5,73.5,40.0,50.0,90.0,998.0,1004.0,979.0,medium,14.9,17.8,18.2
1992,EP041992,35.0,20.0,125.0,85.5,181.5,90.0,105.0,195.0,1003.0,1010.0,935.0,long,12.3,14.7,20.3
1993,EP041993,35.0,20.0,95.0,61.5,37.5,60.0,75.0,135.0,1005.0,1007.0,966.0,short,12.7,18.2,23.5
1994,EP041994,35.0,25.0,55.0,19.5,121.5,20.0,30.0,50.0,1005.0,1004.0,993.0,medium,11.7,11.5,16.6
1995,EP041995,35.0,25.0,65.0,37.5,55.5,30.0,40.0,70.0,1002.0,1009.0,985.0,short,18.1,20.8,20.6
1996,EP041996,35.0,25.0,80.0,25.5,49.5,45.0,55.0,100.0,1006.0,1007.0,979.0,short,14.0,16.6,19.0
1997,EP041997,35.0,25.0,45.0,13.5,43.5,10.0,20.0,30.0,1002.0,1009.0,996.0,short,17.0,18.2,19.5
1998,EP041998,35.0,25.0,50.0,40.5,55.5,15.0,25.0,40.0,1004.0,1008.0,997.0,short,17.2,21.8,22.8
2001,EP042001,35.0,25.0,35.0,1.5,55.5,0.0,10.0,10.0,1005.0,1008.0,1001.0,short,16.2,16.2,21.1
2002,EP042002,35.0,25.0,55.0,55.5,55.5,20.0,30.0,50.0,1004.0,1010.0,994.0,medium,14.2,16.6,20.0
2003,EP042003,35.0,23.0,35.0,1.5,40.5,0.0,12.0,12.0,1005.0,1008.0,1005.0,short,14.6,14.6,17.7
2004,EP042004,35.0,25.0,75.0,67.5,88.5,40.0,50.0,90.0,1005.0,1008.0,981.0,medium,14.7,16.3,18.9
2005,EP042005,35.0,23.0,40.0,7.5,46.5,5.0,17.0,22.0,1005.0,1011.0,1002.0,short,15.5,16.1,18.5
2006,EP042006,35.0,28.0,75.0,37.5,76.5,40.0,47.0,87.0,1005.0,1009.0,981.0,medium,14.2,17.7,20.5
2008,EP042008,35.0,28.0,35.0,1.5,40.5,0.0,7.0,7.0,1003.0,1005.0,1003.0,short,17.4,17.4,20.7
2009,EP042009,35.0,25.0,90.0,103.5,43.5,55.0,65.0,120.0,1004.0,1007.0,971.0,medium,10.2,10.1,9.4
2010,EP042010,35.0,33.0,140.0,133.5,88.5,105.0,107.0,212.0,1005.0,1006.0,921.0,long,12.8,12.9,15.1
2011,EP042011,35.0,25.0,135.0,73.5,82.5,100.0,110.0,210.0,1005.0,1010.0,929.0,medium,10.4,16.9,24.0
2012,EP042012,35.0,25.0,100.0,73.5,100.5,65.0,75.0,140.0,1004.0,1008.0,961.0,medium,13.8,14.9,15.5
2013,EP042013,35.0,25.0,70.0,61.5,106.5,35.0,45.0,80.0,1005.0,1007.0,984.0,medium,14.2,18.4,16.7
2014,EP042014,35.0,33.0,45.0,43.5,82.5,10.0,12.0,22.0,1003.0,1007.0,999.0,medium,16.3,19.1,22.5
2015,EP042015,35.0,30.0,40.0,7.5,40.5,5.0,10.0,15.0,1004.0,1007.0,1002.0,short,16.6,17.2,21.6
2016,EP042016,35.0,35.0,85.0,79.5,100.5,50.0,50.0,100.0,1005.0,1005.0,972.0,medium,12.6,15.1,22.2
2017,EP042017,35.0,40.0,90.0,37.5,34.5,55.0,50.0,105.0,1005.0,1003.0,974.0,short,14.4,17.6,19.6
2018,EP042018,35.0,23.0,55.0,31.5,46.5,20.0,32.0,52.0,1006.0,1008.0,997.0,short,15.8,16.4,18.1
2021,EP042021,35.0,30.0,60.0,25.5,13.5,25.0,30.0,55.0,1004.0,1001.0,989.0,short,14.7,17.9,21.4
2024,EP042024,35.0,30.0,35.0,1.5,61.5,0.0,5.0,5.0,1006.0,1008.0,1005.0,short,12.4,12.4,15.8
1982,EP051982_2,35.0,25.0,55.0,37.5,37.5,20.0,30.0,50.0,,,,short,10.1,12.3,14.4
1983,EP051983,35.0,20.0,55.0,25.5,67.5,20.0,35.0,55.0,,,,short,11.2,14.2,19.7
1984,EP051984,35.0,25.0,115.0,49.5,175.5,80.0,90.0,170.0,,,,long,12.5,15.7,15.8
1985,EP051985,35.0,25.0,35.0,1.5,163.5,0.0,10.0,10.0,,,,medium,12.4,12.4,12.6
1986,EP051986,35.0,25.0,115.0,85.5,139.5,80.0,90.0,170.0,,,,long,10.4,14.6,18.6
1987,EP051987,35.0,20.0,85.0,61.5,31.5,50.0,65.0,115.0,,,,short,12.3,18.5,22.0
1988,EP051988,35.0,20.0,60.0,25.5,79.5,25.0,40.0,65.0,1007.0,1013.0,992.0,medium,15.1,15.4,13.4
1990,EP051990,35.0,25.0,70.0,37.5,103.5,35.0,45.0,80.0,1006.0,1012.0,990.0,medium,15.2,18.6,20.9
1992,EP051992,35.0,25.0,105.0,67.5,91.5,70.0,80.0,150.0,1004.0,1010.0,968.0,medium,11.8,19.9,29.1
1993,EP051993,35.0,25.0,115.0,49.5,97.5,80.0,90.0,170.0,1006.0,1010.0,945.0,medium,11.6,13.8,17.3
1994,EP051994,35.0,25.0,140.0,79.5,127.5,105.0,115.0,220.0,1006.0,1010.0,926.0,long,8.8,11.7,21.3
1995,EP051995,35.0,20.0,55.0,85.5,109.5,20.0,35.0,55.0,1004.0,1008.0,994.0,medium,13.8,16.2,20.7
1996,EP051996,35.0,25.0,60.0,31.5,13.5,25.0,35.0,60.0,1005.0,1007.0,991.0,short,10.2,15.3,16.1
1998,EP051998,35.0,25.0,100.0,37.5,163.5,65.0,75.0,140.0,1005.0,1013.0,958.0,long,13.1,15.2,23.6
1999,EP051999,35.0,25.0,35.0,1.5,43.5,0.0,10.0,10.0,1005.0,1007.0,1005.0,short,15.0,15.0,18.5
2001,EP052001,35.0,25.0,65.0,73.5,97.5,30.0,40.0,70.0,1004.0,1007.0,987.0,medium,12.4,18.2,22.4
2002,EP052002,35.0,25.0,90.0,52.5,94.5,55.0,65.0,120.0,1006.0,1009.0,970.0,medium,13.4,17.2,21.5
2003,EP052003,35.0,28.0,55.0,16.5,46.5,20.0,27.0,47.0,1003.0,1006.0,993.0,short,14.6,15.3,20.0
2004,EP052004,35.0,25.0,105.0,55.5,73.5,70.0,80.0,150.0,1003.0,1007.0,957.0,medium,12.5,16.8,19.3
2005,EP052005,35.0,25.0,60.0,31.5,28.5,25.0,35.0,60.0,1000.0,1005.0,989.0,short,15.2,19.5,22.2
2006,EP052006,35.0,25.0,130.0,109.5,118.5,95.0,105.0,200.0,1005.0,1009.0,933.0,long,12.3,13.5,16.1
2009,EP052009,35.0,38.0,50.0,13.5,16.5,15.0,12.0,27.0,1005.0,1003.0,997.0,short,14.9,16.9,18.7
2010,EP052010,35.0,28.0,105.0,61.5,70.5,70.0,77.0,147.0,1005.0,1004.0,959.0,medium,11.3,13.6,14.2
2011,EP052011,35.0,43.0,120.0,82.5,61.5,85.0,77.0,162.0,1004.0,1004.0,942.0,medium,10.6,15.9,18.8
2012,EP052012,35.0,33.0,120.0,55.5,130.5,85.0,87.0,172.0,1003.0,1005.0,945.0,medium,10.3,13.6,15.4
2013,EP052013,35.0,33.0,70.0,37.5,64.5,35.0,37.0,72.0,1005.0,1005.0,983.0,medium,14.4,17.4,23.3
2014,EP052014,45.0,28.0,45.0,1.5,46.5,0.0,17.0,17.0,1004.0,1008.0,1002.0,short,17.0,17.0,17.0
2015,EP052015,35.0,35.0,115.0,85.5,82.5,80.0,80.0,160.0,1004.0,1004.0,946.0,medium,12.2,18.1,23.3
2016,EP052016,35.0,28.0,105.0,103.5,208.5,70.0,77.0,147.0,1006.0,1011.0,958.0,long,15.9,17.9,22.3
2017,EP052017,35.0,30.0,100.0,49.5,70.5,65.0,70.0,135.0,1007.0,1006.0,966.0,medium,11.6,16.3,23.5
2018,EP052018,35.0,28.0,40.0,7.5,34.5,5.0,12.0,17.0,1006.0,1007.0,1004.0,short,15.5,16.6,19.7
2019,EP052019,35.0,23.0,40.0,7.5,46.5,5.0,17.0,22.0,1005.0,1009.0,1004.0,short,17.8,18.3,21.6
2020,EP052020,35.0,35.0,60.0,85.5,46.5,25.0,25.0,50.0,1005.0,1006.0,993.0,medium,11.4,19.4,20.6
2021,EP052021,35.0,30.0,80.0,49.5,79.5,45.0,50.0,95.0,1006.0,1005.0,972.0,medium,15.2,17.5,24.3
2022,EP052022,35.0,35.0,120.0,49.5,127.5,85.0,85.0,170.0,1006.0,1007.0,953.0,medium,14.2,14.6,17.7
2023,EP052023,35.0,25.0,130.0,115.5,256.5,95.0,105.0,200.0,1006.0,995.0,939.0,long,15.7,13.2,27.3
2024,EP052024,35.0,33.0,60.0,55.5,34.5,25.0,27.0,52.0,1003.0,1004.0,988.0,short,15.2,16.2,21.5
1982,EP061982,35.0,25.0,70.0,43.5,133.5,35.0,45.0,80.0,,,,medium,11.6,15.4,19.2
1983,EP061983,35.0,25.0,50.0,7.5,43.5,15.0,25.0,40.0,,,,short,20.0,20.3,20.8
1984,EP061984,35.0,25.0,95.0,58.5,97.5,60.0,70.0,130.0,,,,medium,15.9,18.2,23.9
1985,EP061985,35.0,20.0,60.0,25.5,67.5,25.0,40.0,65.0,,,,short,15.5,19.3,23.3
1986,EP061986,35.0,30.0,75.0,79.5,61.5,40.0,45.0,85.0,,,,medium,14.1,17.8,22.8
1987,EP061987,35.0,25.0,55.0,19.5,133.5,20.0,30.0,50.0,,,,medium,12.3,12.6,12.7
1988,EP061988,35.0,20.0,120.0,118.5,151.5,85.0,100.0,185.0,1005.0,1012.0,943.0,long,12.0,14.7,18.0
1989,EP061989,35.0,25.0,80.0,91.5,127.5,45.0,55.0,100.0,1005.0,977.0,977.0,long,10.4,13.9,20.7
1991,EP061991,35.0,25.0,65.0,31.5,343.5,30.0,40.0,70.0,1005.0,1013.0,987.0,long,10.2,12.6,29.4
1992,EP061992,35.0,25.0,120.0,97.5,85.5,85.0,95.0,180.0,1005.0,1009.0,943.0,medium,12.6,16.8,23.5
1993,EP061993,35.0,25.0,110.0,73.5,133.5,75.0,85.0,160.0,1003.0,1010.0,948.0,long,11.4,14.9,19.4
1994,EP061994,35.0,25.0,40.0,7.5,103.5,5.0,15.0,20.0,1005.0,1010.0,1002.0,medium,13.7,14.1,16.8
1995,EP061995,35.0,25.0,55.0,19.5,73.5,20.0,30.0,50.0,1004.0,1006.0,994.0,short,16.2,17.2,20.7
1997,EP061997,35.0,25.0,80.0,82.5,85.5,45.0,55.0,100.0,1002.0,1010.0,975.0,medium,13.2,17.5,23.2
1998,EP061998,35.0,25.0,115.0,73.5,157.5,80.0,90.0,170.0,1002.0,1010.0,948.0,long,14.7,16.8,22.6
2000,EP062000,35.0,25.0,110.0,49.5,253.5,75.0,85.0,160.0,1004.0,1017.0,954.0,long,10.9,14.3,36.1
2002,EP062002,35.0,23.0,140.0,43.5,130.5,105.0,117.0,222.0,1004.0,1012.0,921.0,medium,11.9,14.3,29.1
2003,EP062003,35.0,23.0,45.0,7.5,118.5,10.0,22.0,32.0,1005.0,1010.0,1000.0,medium,14.6,14.9,17.6
2005,EP062005,35.0,23.0,75.0,55.5,94.5,40.0,52.0,92.0,1005.0,1008.0,978.0,medium,14.8,17.9,17.2
2006,EP062006,35.0,25.0,55.0,37.5,106.5,20.0,30.0,50.0,1004.0,1009.0,990.0,medium,13.8,18.0,28.0
2007,EP062007,35.0,28.0,65.0,25.5,142.5,30.0,37.0,67.0,1005.0,1010.0,987.0,medium,12.5,14.4,16.2
2008,EP062008,35.0,30.0,90.0,109.5,64.5,55.0,60.0,115.0,1005.0,1005.0,970.0,medium,12.3,16.9,17.9
2009,EP062009,35.0,25.0,55.0,25.5,67.5,20.0,30.0,50.0,1005.0,1010.0,995.0,short,12.1,13.7,14.8
2011,EP062011,35.0,28.0,60.0,49.5,40.5,25.0,32.0,57.0,1005.0,1006.0,992.0,short,12.2,12.9,15.5
2012,EP062012,35.0,28.0,95.0,73.5,76.5,60.0,67.0,127.0,1002.0,1008.0,966.0,medium,13.5,16.5,24.8
2013,EP062013,35.0,28.0,60.0,55.5,70.5,25.0,32.0,57.0,1004.0,1010.0,994.0,medium,14.9,17.7,22.1
2014,EP062014,35.0,25.0,40.0,4.5,37.5,5.0,15.0,20.0,1005.0,1007.0,1004.0,short,9.4,9.4,11.3
2015,EP062015,35.0,30.0,45.0,37.5,88.5,10.0,15.0,25.0,1004.0,1007.0,1000.0,medium,14.7,17.9,20.1
2016,EP062016,35.0,43.0,60.0,43.5,100.5,25.0,17.0,42.0,1005.0,1003.0,990.0,medium,14.8,16.5,20.6
2017,EP062017,35.0,33.0,125.0,55.5,184.5,90.0,92.0,182.0,1005.0,1007.0,948.0,long,11.9,10.7,19.2
2018,EP062018,35.0,25.0,50.0,25.5,58.5,15.0,25.0,40.0,1005.0,1007.0,997.0,short,14.2,16.0,19.7
2019,EP062019,35.0,28.0,115.0,73.5,124.5,80.0,87.0,167.0,1005.0,1008.0,952.0,medium,11.5,13.4,18.9
2021,EP062021,35.0,33.0,125.0,79.5,76.5,90.0,92.0,182.0,1006.0,1007.0,945.0,medium,13.9,14.5,15.7
2022,EP062022,35.0,38.0,75.0,37.5,88.5,40.0,37.0,77.0,1006.0,1006.0,985.0,medium,13.0,15.3,21.9
2023,EP062023,35.0,40.0,60.0,13.5,28.5,25.0,20.0,45.0,1004.0,1003.0,992.0,short,18.7,20.3,24.0
2024,EP062024,35.0,38.0,55.0,25.5,34.5,20.0,17.0,37.0,1006.0,1002.0,996.0,short,14.0,16.5,19.8
1982,EP071982_2,35.0,20.0,110.0,73.5,79.5,75.0,90.0,165.0,,,,medium,10.0,15.7,18.5
1983,EP071983,35.0,30.0,80.0,73.5,217.5,45.0,50.0,95.0,,,,long,11.5,11.7,24.0
1984,EP071984,35.0,25.0,100.0,73.5,88.5,65.0,75.0,140.0,,,,medium,11.3,18.8,23.9
1985,EP071985,35.0,20.0,50.0,25.5,55.5,15.0,30.0,45.0,,,,short,14.6,19.6,22.8
1986,EP071986,35.0,20.0,65.0,175.5,139.5,30.0,45.0,75.0,1006.0,994.0,970.0,long,8.9,15.7,24.9
1987,EP071987,35.0,20.0,70.0,64.5,67.5,35.0,50.0,85.0,,,,medium,14.8,19.8,21.6
1988,EP071988,35.0,20.0,45.0,13.5,115.5,10.0,25.0,35.0,1006.0,1010.0,1000.0,medium,15.7,15.9,21.1
1990,EP071990,35.0,20.0,75.0,43.5,97.5,40.0,55.0,95.0,1005.0,1014.0,979.0,medium,15.3,18.9,25.4
1991,EP071991,35.0,25.0,105.0,79.5,145.5,70.0,80.0,150.0,1005.0,1008.0,959.0,long,12.1,16.6,19.2
1992,EP071992,35.0,25.0,125.0,103.5,133.5,90.0,100.0,190.0,999.0,1010.0,935.0,long,13.7,15.9,27.5
1993,EP071993,35.0,40.0,125.0,55.5,178.5,90.0,85.0,175.0,1005.0,1003.0,934.0,long,13.7,14.8,29.1
1994,EP071994,35.0,25.0,140.0,67.5,151.5,105.0,115.0,220.0,1004.0,920.0,920.0,long,11.4,12.1,18.5
1995,EP071995,35.0,25.0,70.0,43.5,85.5,35.0,45.0,80.0,997.0,1006.0,978.0,medium,16.6,20.0,24.7
1996,EP071996,35.0,20.0,115.0,73.5,121.5,80.0,95.0,175.0,1004.0,1009.0,946.0,medium,13.0,17.6,22.5
1997,EP071997,35.0,25.0,100.0,52.5,49.5,65.0,75.0,140.0,1006.0,1009.0,960.0,medium,9.1,15.5,22.5
1998,EP071998,35.0,25.0,40.0,25.5,25.5,5.0,15.0,20.0,1005.0,1009.0,1001.0,short,21.3,25.4,28.6
1999,EP071999,35.0,15.0,120.0,127.5,337.5,85.0,105.0,190.0,1005.0,1014.0,943.0,long,13.2,14.9,38.9
2000,EP072000,35.0,25.0,55.0,25.5,55.5,20.0,30.0,50.0,1005.0,1007.0,994.0,short,15.8,18.1,20.4
2001,EP072001,35.0,25.0,90.0,73.5,79.5,55.0,65.0,120.0,1003.0,1007.0,972.0,medium,20.0,20.9,26.6
2003,EP072003,35.0,28.0,50.0,22.5,94.5,15.0,22.0,37.0,1005.0,1008.0,997.0,medium,16.6,16.1,16.3
2004,EP072004,35.0,23.0,60.0,31.5,76.5,25.0,37.0,62.0,1006.0,1012.0,989.0,medium,13.6,15.0,15.2
2005,EP072005,35.0,25.0,45.0,13.5,91.5,10.0,20.0,30.0,1004.0,1008.0,1000.0,medium,13.3,13.6,13.9
2006,EP072006,35.0,30.0,45.0,19.5,34.5,10.0,15.0,25.0,1005.0,1007.0,1000.0,short,14.3,14.7,15.2
2007,EP072007,35.0,25.0,50.0,25.5,64.5,15.0,25.0,40.0,1005.0,1007.0,995.0,short,15.8,18.1,23.1
2008,EP072008,35.0,30.0,80.0,97.5,58.5,45.0,50.0,95.0,1005.0,1008.0,977.0,medium,11.0,17.5,21.9
2009,EP072009,35.0,25.0,55.0,13.5,82.5,20.0,30.0,50.0,1004.0,1009.0,994.0,short,13.2,14.3,25.0
2010,EP072010,35.0,28.0,55.0,37.5,52.5,20.0,27.0,47.0,1003.0,1005.0,994.0,short,16.6,17.3,17.6
2011,EP072011,35.0,30.0,75.0,31.5,70.5,40.0,45.0,85.0,1004.0,1008.0,979.0,medium,15.5,18.3,20.2
2012,EP072012,35.0,38.0,70.0,40.5,52.5,35.0,32.0,67.0,1004.0,1002.0,984.0,short,14.8,16.3,19.8
2013,EP072013,35.0,30.0,75.0,49.5,121.5,40.0,45.0,85.0,1005.0,1008.0,985.0,medium,12.5,14.3,13.3
2014,EP072014,35.0,25.0,140.0,319.5,163.5,105.0,115.0,220.0,1006.0,1012.0,918.0,long,12.2,15.1,39.1
2015,EP072015,35.0,28.0,35.0,1.5,28.5,0.0,7.0,7.0,1004.0,1007.0,1004.0,short,18.6,18.6,22.0
2016,EP072016,35.0,33.0,75.0,133.5,34.5,40.0,42.0,82.0,1006.0,1005.0,979.0,medium,14.0,21.6,23.5
2017,EP072017,35.0,25.0,50.0,61.5,136.5,15.0,25.0,40.0,1006.0,1008.0,1000.0,medium,14.5,14.2,18.2
2018,EP072018,35.0,38.0,95.0,64.5,58.5,60.0,57.0,117.0,1004.0,1004.0,964.0,medium,11.4,15.5,21.1
2019,EP072019,35.0,30.0,70.0,43.5,142.5,35.0,40.0,75.0,1005.0,1009.0,987.0,medium,12.5,13.0,20.3
2020,EP072020,35.0,35.0,35.0,1.5,16.5,0.0,0.0,0.0,1006.0,1007.0,1006.0,short,18.3,18.3,19.2
2021,EP072021,35.0,33.0,50.0,31.5,28.5,15.0,17.0,32.0,1005.0,1007.0,999.0,short,16.3,18.3,19.2
2022,EP072022,35.0,35.0,80.0,97.5,82.5,45.0,45.0,90.0,1006.0,1005.0,976.0,medium,11.3,15.5,24.8
2023,EP072023,35.0,38.0,115.0,37.5,64.5,80.0,77.0,157.0,1005.0,1003.0,949.0,medium,15.0,15.6,16.5
2024,EP072024,35.0,30.0,115.0,151.5,115.5,80.0,85.0,165.0,1004.0,1010.0,950.0,long,14.6,17.7,20.1
1982,EP081982,35.0,25.0,65.0,31.5,85.5,30.0,40.0,70.0,,,,medium,11.3,13.2,20.9
1983,EP081983,35.0,25.0,115.0,79.5,151.5,80.0,90.0,170.0,,,,long,11.8,12.0,26.9
1984,EP081984,35.0,25.0,45.0,37.5,61.5,10.0,20.0,30.0,,,,short,16.6,17.5,17.1
1985,EP081985,35.0,25.0,35.0,1.5,37.5,0.0,10.0,10.0,,,,short,21.5,21.5,22.1
1986,EP081986,35.0,20.0,35.0,1.5,43.5,0.0,15.0,15.0,,,,short,17.8,17.8,23.2
1987,EP081987,35.0,30.0,105.0,61.5,127.5,70.0,75.0,145.0,,,,medium,11.7,14.6,22.4
1988,EP081988,35.0,25.0,125.0,61.5,157.5,90.0,100.0,190.0,1006.0,1012.0,935.0,long,12.3,16.4,19.1
1989,EP081989,35.0,25.0,35.0,1.5,31.5,0.0,10.0,10.0,1007.0,1014.0,1005.0,short,14.9,14.9,17.7
1990,EP081990,35.0,25.0,90.0,91.5,73.5,55.0,65.0,120.0,1005.0,1010.0,970.0,medium,13.8,20.2,26.3
1991,EP081991,35.0,25.0,70.0,25.5,121.5,35.0,45.0,80.0,1007.0,1010.0,983.0,medium,13.8,15.6,15.2
1992,EP081992,35.0,25.0,95.0,61.5,241.5,60.0,70.0,130.0,1005.0,1017.0,964.0,long,12.2,14.8,16.0
1993,EP081993,35.0,25.0,115.0,97.5,223.5,80.0,90.0,170.0,1005.0,1011.0,948.0,long,16.2,18.2,21.3
1994,EP081994,35.0,20.0,65.0,100.5,133.5,30.0,45.0,75.0,992.0,1000.0,992.0,long,13.5,12.6,19.1
1995,EP081995,35.0,25.0,55.0,85.5,73.5,20.0,30.0,50.0,1005.0,1009.0,993.0,medium,15.7,19.7,22.7
1996,EP081996,35.0,25.0,55.0,43.5,61.5,20.0,30.0,50.0,1005.0,1005.0,994.0,medium,18.3,21.7,24.7
1997,EP081997,35.0,25.0,115.0,85.5,79.5,80.0,90.0,170.0,1004.0,1005.0,948.0,medium,12.1,15.6,17.7
1998,EP081998,35.0,25.0,100.0,67.5,67.5,65.0,75.0,140.0,1005.0,1012.0,960.0,medium,12.2,19.8,24.9
1999,EP081999,35.0,30.0,95.0,73.5,145.5,60.0,65.0,125.0,1005.0,1006.0,964.0,long,12.6,14.0,12.1
2000,EP082000,35.0,25.0,45.0,13.5,85.5,10.0,20.0,30.0,1005.0,1011.0,1000.0,short,16.7,16.8,14.2
2001,EP082001,35.0,25.0,85.0,55.5,73.5,50.0,60.0,110.0,1004.0,1009.0,975.0,medium,15.4,14.9,20.7
2002,EP082002,35.0,35.0,125.0,61.5,229.5,90.0,90.0,180.0,1004.0,1016.0,936.0,long,12.8,15.7,43.1
2003,EP082003,35.0,25.0,35.0,1.5,85.5,0.0,10.0,10.0,1005.0,1009.0,1004.0,short,14.5,14.5,18.4
2004,EP082004,38.0,28.0,75.0,22.5,46.5,37.0,47.0,84.0,1005.0,1007.0,979.0,short,17.0,19.5,22.2
2005,EP082005,35.0,28.0,90.0,46.5,94.5,55.0,62.0,117.0,1004.0,1004.0,970.0,medium,13.5,17.2,24.5
2006,EP082006,35.0,23.0,35.0,1.5,58.5,0.0,12.0,12.0,1005.0,1008.0,1004.0,short,13.8,13.8,15.9
2007,EP082007,35.0,30.0,35.0,1.5,25.5,0.0,5.0,5.0,1005.0,1006.0,1004.0,short,13.0,13.0,13.3
2008,EP082008,35.0,28.0,65.0,91.5,46.5,30.0,37.0,67.0,1004.0,1005.0,987.0,medium,13.8,16.3,16.9
2009,EP082009,35.0,28.0,125.0,49.5,142.5,90.0,97.0,187.0,1004.0,1011.0,935.0,medium,11.5,14.7,20.7
2012,EP082012,35.0,25.0,45.0,13.5,112.5,10.0,20.0,30.0,999.0,1007.0,995.0,medium,17.8,18.3,19.8
2013,EP082013,35.0,30.0,90.0,115.5,70.5,55.0,60.0,115.0,1006.0,1010.0,976.0,medium,12.8,17.2,13.5
2014,EP082014,35.0,33.0,65.0,25.5,40.5,30.0,32.0,62.0,1005.0,1007.0,992.0,short,15.1,18.3,22.9
2016,EP082016,35.0,40.0,115.0,70.5,46.5,80.0,75.0,155.0,1005.0,1004.0,952.0,medium,11.8,16.6,18.8
2018,EP082018,35.0,30.0,40.0,13.5,52.5,5.0,10.0,15.0,1007.0,1008.0,1005.0,short,13.4,14.2,16.1
2019,EP082019,35.0,25.0,35.0,1.5,28.5,0.0,10.0,10.0,1006.0,1009.0,1006.0,short,14.7,14.7,15.1
2020,EP082020,35.0,33.0,115.0,79.5,130.5,80.0,82.0,162.0,1006.0,1011.0,954.0,long,13.5,14.6,24.6
2021,EP082021,35.0,30.0,75.0,37.5,124.5,40.0,45.0,85.0,1004.0,1006.0,985.0,medium,11.9,14.2,22.3
2022,EP082022,35.0,30.0,50.0,37.5,130.5,15.0,20.0,35.0,1005.0,1008.0,998.0,medium,16.3,15.4,16.8
2023,EP082023,35.0,30.0,45.0,25.5,85.5,10.0,15.0,25.0,1005.0,1008.0,1000.0,medium,11.3,11.1,11.0
2024,EP082024,35.0,43.0,50.0,37.5,40.5,15.0,7.0,22.0,1004.0,1003.0,998.0,short,16.0,16.9,17.6
1982,EP091982_2,35.0,25.0,35.0,1.5,139.5,0.0,10.0,10.0,,,,medium,13.2,13.2,15.2
1983,EP091983,35.0,20.0,85.0,61.5,73.5,50.0,65.0,115.0,,,,medium,13.2,20.5,28.7
1984,EP091984,35.0,30.0,115.0,100.5,91.5,80.0,85.0,165.0,,,,medium,14.3,18.3,26.4
1985,EP091985,35.0,25.0,115.0,61.5,79.5,80.0,90.0,170.0,,,,medium,13.2,14.8,14.3
1986,EP091986,35.0,25.0,45.0,13.5,73.5,10.0,20.0,30.0,,,,short,16.0,16.7,21.1
1987,EP091987,35.0,25.0,55.0,67.5,61.5,20.0,30.0,50.0,,,,medium,10.4,15.3,17.2
1988,EP091988,35.0,20.0,90.0,49.5,139.5,55.0,70.0,125.0,1005.0,1013.0,968.0,medium,14.5,18.0,17.5
1989,EP091989,35.0,25.0,35.0,1.5,97.5,0.0,10.0,10.0,1007.0,1010.0,1004.0,short,14.2,14.2,23.5
1990,EP091990,35.0,25.0,135.0,61.5,181.5,100.0,110.0,210.0,1004.0,1011.0,928.0,long,12.9,17.3,26.2
1991,EP091991,35.0,25.0,55.0,37.5,79.5,20.0,30.0,50.0,1005.0,1010.0,992.0,medium,15.1,19.0,32.7
1992,EP091992,35.0,25.0,55.0,19.5,61.5,20.0,30.0,50.0,1005.0,1008.0,992.0,short,13.5,12.7,15.0
1993,EP091993,35.0,20.0,105.0,85.5,139.5,70.0,85.0,155.0,1006.0,1011.0,957.0,long,13.4,18.6,30.7
1994,EP091994,35.0,25.0,55.0,25.5,31.5,20.0,30.0,50.0,1005.0,1009.0,993.0,short,19.6,21.9,24.8
1995,EP091995,35.0,25.0,85.0,49.5,85.5,50.0,60.0,110.0,1000.0,1009.0,970.0,medium,18.7,22.6,24.6
1996,EP091996,35.0,30.0,105.0,37.5,61.5,70.0,75.0,145.0,1004.0,1004.0,955.0,short,15.8,19.8,28.0
1997,EP091997,35.0,30.0,140.0,109.5,268.5,105.0,110.0,215.0,1005.0,1011.0,919.0,long,11.9,14.2,41.1
1998,EP091998,35.0,25.0,130.0,52.5,169.5,95.0,105.0,200.0,1005.0,1009.0,932.0,long,10.6,14.4,18.9
2000,EP092000,35.0,25.0,70.0,49.5,61.5,35.0,45.0,80.0,1003.0,1007.0,984.0,medium,17.0,19.1,22.3
2001,EP092001,35.0,30.0,55.0,43.5,37.5,20.0,25.0,45.0,1005.0,1010.0,994.0,short,17.9,20.5,21.6
2002,EP092002,35.0,20.0,60.0,19.5,109.5,25.0,40.0,65.0,1005.0,1009.0,989.0,medium,14.0,14.1,24.9
2003,EP092003,35.0,20.0,90.0,37.5,79.5,55.0,70.0,125.0,1005.0,1008.0,970.0,medium,21.0,23.1,26.9
2005,EP092005,35.0,25.0,45.0,13.5,52.5,10.0,20.0,30.0,1004.0,1006.0,1000.0,short,17.2,17.7,16.9
2006,EP092006,35.0,30.0,95.0,55.5,118.5,60.0,65.0,125.0,1003.0,1009.0,966.0,medium,13.0,15.6,22.7
2007,EP092007,35.0,25.0,120.0,73.5,109.5,85.0,95.0,180.0,1000.0,1009.0,949.0,medium,13.2,13.2,17.1
2008,EP092008,35.0,38.0,105.0,61.5,82.5,70.0,67.0,137.0,1005.0,1003.0,956.0,medium,13.6,15.5,18.4
2010,EP092010,35.0,28.0,80.0,106.5,46.5,45.0,52.0,97.0,1004.0,1006.0,978.0,medium,13.8,17.9,20.8
2011,EP092011,35.0,30.0,125.0,55.5,160.5,90.0,95.0,185.0,1005.0,1005.0,942.0,long,13.7,16.2,22.5
2012,EP092012,35.0,30.0,75.0,73.5,64.5,40.0,45.0,85.0,1003.0,1008.0,978.0,medium,14.9,20.5,22.8
2013,EP092013,35.0,28.0,40.0,25.5,40.5,5.0,12.0,17.0,1001.0,1004.0,997.0,short,17.8,20.5,25.2
2014,EP092014,35.0,33.0,120.0,100.5,106.5,85.0,87.0,172.0,1006.0,1011.0,947.0,long,12.6,16.1,20.0
2015,EP092015,35.0,30.0,95.0,43.5,160.5,60.0,65.0,125.0,1005.0,1009.0,967.0,long,8.0,12.5,22.2
2016,EP092016,35.0,38.0,50.0,25.5,28.5,15.0,12.0,27.0,1005.0,1006.0,998.0,short,15.9,18.0,20.4
2017,EP092017,35.0,40.0,95.0,85.5,118.5,60.0,55.0,115.0,1005.0,1005.0,969.0,long,10.0,15.9,25.0
2019,EP092019,35.0,28.0,40.0,7.5,22.5,5.0,12.0,17.0,1005.0,1008.0,1003.0,short,19.3,19.7,21.1
2020,EP092020,35.0,40.0,90.0,55.5,34.5,55.0,50.0,105.0,1006.0,1002.0,971.0,short,15.6,21.1,23.8
2021,EP092021,35.0,28.0,35.0,1.5,34.5,0.0,7.0,7.0,1005.0,1008.0,1004.0,short,15.7,15.7,17.8
2022,EP092022,35.0,43.0,75.0,31.5,46.5,40.0,32.0,72.0,1005.0,1005.0,983.0,short,17.2,20.9,23.9
2023,EP092023,35.0,50.0,120.0,43.5,61.5,85.0,70.0,155.0,1002.0,992.0,940.0,medium,12.6,16.8,30.3
2024,EP092024,35.0,38.0,45.0,49.5,10.5,10.0,7.0,17.0,1001.0,999.0,997.0,short,19.5,25.2,25.4
1982,EP101982_2,35.0,30.0,100.0,61.5,103.5,65.0,70.0,135.0,,,,medium,11.5,12.3,13.3
1983,EP101983,35.0,20.0,50.0,55.5,79.5,15.0,30.0,45.0,,,,medium,13.9,18.2,21.8
1984,EP101984,35.0,25.0,55.0,37.5,79.5,20.0,30.0,50.0,,,,medium,15.0,17.2,19.7
1985,EP101985,35.0,20.0,115.0,67.5,109.5,80.0,95.0,175.0,,,,medium,13.9,18.0,23.1
1986,EP101986,38.0,25.0,115.0,106.5,151.5,77.0,90.0,167.0,,,,long,10.1,17.1,24.5
1987,EP101987,35.0,25.0,90.0,79.5,103.5,55.0,65.0,120.0,,,,medium,12.8,14.1,13.8
1988,EP101988,35.0,20.0,35.0,1.5,85.5,0.0,15.0,15.0,1006.0,1014.0,1004.0,short,19.1,19.1,22.6
1989,EP101989,35.0,25.0,75.0,28.5,109.5,40.0,50.0,90.0,1008.0,1010.0,979.0,medium,16.2,18.7,26.6
1990,EP101990,35.0,25.0,105.0,97.5,121.5,70.0,80.0,150.0,1005.0,1010.0,958.0,long,11.8,19.2,25.4
1992,EP101992,35.0,25.0,55.0,49.5,55.5,20.0,30.0,50.0,1004.0,1010.0,992.0,medium,16.3,20.7,22.5
1993,EP101993,35.0,30.0,60.0,13.5,13.5,25.0,30.0,55.0,1005.0,1005.0,999.0,short,14.2,16.7,18.7
1994,EP101994,35.0,58.0,150.0,277.5,430.5,115.0,92.0,207.0,1006.0,980.0,929.0,long,11.2,14.2,42.1
1995,EP101995,35.0,30.0,70.0,37.5,31.5,35.0,40.0,75.0,1005.0,1008.0,983.0,short,15.4,20.8,30.5
1996,EP101996,35.0,25.0,45.0,19.5,247.5,10.0,20.0,30.0,1005.0,1008.0,999.0,long,16.2,15.4,14.8
1997,EP101997,35.0,25.0,45.0,13.5,67.5,10.0,20.0,30.0,1005.0,1007.0,1000.0,short,12.9,13.1,17.2
1998,EP101998,38.0,25.0,65.0,28.5,25.5,27.0,40.0,67.0,999.0,1001.0,988.0,short,19.6,24.1,28.0
1999,EP101999,35.0,25.0,55.0,37.5,79.5,20.0,30.0,50.0,1005.0,1008.0,994.0,medium,14.0,16.7,13.8
2000,EP102000,35.0,25.0,70.0,61.5,55.5,35.0,45.0,80.0,1002.0,1006.0,983.0,medium,18.5,19.1,20.0
2001,EP102001,35.0,20.0,45.0,37.5,55.5,10.0,25.0,35.0,1000.0,1007.0,997.0,short,15.7,20.3,25.1
2002,EP102002,35.0,23.0,140.0,52.5,124.5,105.0,117.0,222.0,1004.0,1009.0,921.0,medium,13.7,17.2,24.2
2003,EP102003,35.0,25.0,90.0,55.5,145.5,55.0,65.0,120.0,1005.0,1009.0,970.0,long,14.4,17.3,13.2
2004,EP102004,35.0,23.0,55.0,19.5,76.5,20.0,32.0,52.0,1005.0,1008.0,995.0,short,15.6,17.9,20.2
2005,EP102005,35.0,20.0,110.0,121.5,121.5,75.0,90.0,165.0,1006.0,1015.0,951.0,long,13.8,16.0,23.7
2006,EP102006,35.0,30.0,105.0,43.5,100.5,70.0,75.0,145.0,1004.0,1004.0,955.0,medium,12.5,17.8,23.6
2007,EP102007,35.0,23.0,40.0,13.5,82.5,5.0,17.0,22.0,1003.0,1007.0,1001.0,short,19.5,19.2,19.8
2008,EP102008,35.0,28.0,45.0,19.5,58.5,10.0,17.0,27.0,1003.0,1007.0,999.0,short,16.7,17.6,18.4
2009,EP102009,35.0,33.0,110.0,61.5,100.5,75.0,77.0,152.0,1004.0,1011.0,954.0,medium,16.1,18.7,29.9
2011,EP102011,35.0,30.0,110.0,97.5,49.5,75.0,80.0,155.0,1004.0,1000.0,955.0,medium,12.1,16.5,21.3
2012,EP102012,35.0,30.0,40.0,7.5,40.5,5.0,10.0,15.0,1004.0,1005.0,1000.0,short,17.5,18.0,22.6
2013,EP102013,35.0,33.0,55.0,19.5,16.5,20.0,22.0,42.0,1003.0,1006.0,997.0,short,19.3,23.8,26.1
2014,EP102014,35.0,30.0,105.0,97.5,178.5,70.0,75.0,145.0,1005.0,1006.0,960.0,long,13.5,17.6,32.4
2015,EP102015,35.0,28.0,125.0,55.5,124.5,90.0,97.0,187.0,1004.0,1008.0,937.0,medium,12.6,13.6,16.2
2016,EP102016,35.0,28.0,50.0,61.5,70.5,15.0,22.0,37.0,1006.0,1010.0,1000.0,medium,14.0,15.3,17.1
2017,EP102017,35.0,33.0,80.0,61.5,166.5,45.0,47.0,92.0,1005.0,1008.0,979.0,long,14.7,15.8,26.0
2018,EP102018,35.0,40.0,135.0,139.5,196.5,100.0,95.0,195.0,1006.0,1004.0,936.0,long,13.0,15.1,28.3
2019,EP102019,35.0,33.0,60.0,25.5,64.5,25.0,27.0,52.0,1006.0,1003.0,990.0,short,15.3,15.5,23.4
2021,EP102021,35.0,25.0,35.0,1.5,34.5,0.0,10.0,10.0,1004.0,1009.0,1004.0,short,18.2,18.2,20.4
2022,EP102022,35.0,28.0,35.0,1.5,28.5,0.0,7.0,7.0,1005.0,1007.0,1005.0,short,17.8,17.8,17.2
2023,EP102023,35.0,38.0,40.0,37.5,10.5,5.0,2.0,7.0,1000.0,1001.0,998.0,short,16.6,19.1,19.7
2024,EP102024,35.0,35.0,105.0,28.5,88.5,70.0,70.0,140.0,1002.0,1000.0,956.0,medium,14.0,16.6,18.3
1982,EP111982,35.0,25.0,80.0,133.5,55.5,45.0,55.0,100.0,,,,medium,9.7,15.3,17.9
1983,EP111983,35.0,25.0,125.0,73.5,127.5,90.0,100.0,190.0,,,,long,12.5,18.9,25.0
1984,EP111984,35.0,25.0,50.0,43.5,73.5,15.0,25.0,40.0,,,,medium,12.5,12.2,12.1
1985,EP111985,35.0,25.0,55.0,103.5,91.5,20.0,30.0,50.0,,,,medium,14.4,19.9,21.5
1986,EP111986,35.0,25.0,40.0,25.5,67.5,5.0,15.0,20.0,,,,short,18.4,18.7,20.0
1987,EP111987,35.0,20.0,35.0,1.5,37.5,0.0,15.0,15.0,,,,short,10.2,10.2,10.3
1988,EP111988,35.0,20.0,80.0,61.5,133.5,45.0,60.0,105.0,1008.0,1013.0,976.0,medium,14.4,18.4,18.9
1989,EP111989,35.0,20.0,45.0,25.5,37.5,10.0,25.0,35.0,1005.0,1010.0,1000.0,short,14.6,17.0,19.4
1991,EP111991,35.0,25.0,55.0,19.5,43.5,20.0,30.0,50.0,1005.0,1006.0,994.0,short,16.0,17.5,16.1
1992,EP111992,35.0,25.0,70.0,85.5,151.5,35.0,45.0,80.0,1005.0,1010.0,985.0,long,14.5,18.4,12.0
1993,EP111993,35.0,25.0,115.0,61.5,109.5,80.0,90.0,170.0,1007.0,1009.0,948.0,medium,14.3,17.5,21.4
1994,EP111994,35.0,25.0,65.0,31.5,49.5,30.0,40.0,70.0,1003.0,1012.0,986.0,short,16.7,21.0,27.0
1995,EP111995,35.0,25.0,130.0,73.5,151.5,95.0,105.0,200.0,1005.0,1007.0,930.0,long,15.6,17.8,23.1
1996,EP111996,35.0,25.0,75.0,43.5,55.5,40.0,50.0,90.0,1003.0,1003.0,980.0,short,12.9,17.9,22.0
1997,EP111997,35.0,25.0,35.0,1.5,46.5,0.0,10.0,10.0,1005.0,1010.0,1005.0,short,20.4,20.4,29.3
1998,EP111998,35.0,30.0,50.0,19.5,145.5,15.0,20.0,35.0,998.0,1002.0,995.0,medium,20.1,20.7,20.5
2000,EP112000,35.0,25.0,60.0,31.5,43.5,25.0,35.0,60.0,1004.0,1007.0,991.0,short,17.7,21.5,23.3
2001,EP112001,35.0,25.0,125.0,91.5,187.5,90.0,100.0,190.0,1005.0,1008.0,923.0,long,13.0,15.9,30.2
2003,EP112003,35.0,28.0,35.0,1.5,34.5,0.0,7.0,7.0,1000.0,1007.0,1000.0,short,21.2,21.2,23.7
2004,EP112004,35.0,28.0,120.0,61.5,76.5,85.0,92.0,177.0,1005.0,1003.0,943.0,medium,13.3,17.8,25.8
2005,EP112005,35.0,25.0,115.0,82.5,295.5,80.0,90.0,170.0,1004.0,1013.0,947.0,long,12.9,14.2,19.4
2006,EP112006,35.0,25.0,115.0,49.5,121.5,80.0,90.0,170.0,1004.0,1004.0,948.0,medium,13.1,16.0,28.9
2007,EP112007,35.0,30.0,75.0,97.5,43.5,40.0,45.0,85.0,1002.0,1002.0,972.0,medium,15.7,21.7,29.5
2008,EP112008,35.0,25.0,45.0,19.5,52.5,10.0,20.0,30.0,1005.0,1005.0,998.0,short,19.1,21.9,28.3
2009,EP112009,35.0,30.0,55.0,37.5,94.5,20.0,25.0,45.0,1005.0,1006.0,995.0,medium,13.5,14.2,13.7
2010,EP112010,35.0,20.0,59.0,25.5,61.5,24.0,39.0,63.0,1002.0,1005.0,989.0,short,21.2,25.5,36.7
2011,EP112011,35.0,30.0,85.0,31.5,214.5,50.0,55.0,105.0,1004.0,1006.0,976.0,long,12.3,13.8,13.7
2012,EP112012,35.0,30.0,50.0,43.5,70.5,15.0,20.0,35.0,1005.0,1009.0,998.0,medium,17.1,19.8,25.3
2013,EP112013,35.0,33.0,65.0,19.5,28.5,30.0,32.0,62.0,1003.0,1004.0,989.0,short,18.8,20.3,22.7
2014,EP112014,35.0,28.0,75.0,235.5,82.5,40.0,47.0,87.0,1005.0,1005.0,983.0,long,17.1,16.5,16.6
2016,EP112016,35.0,28.0,55.0,31.5,22.5,20.0,27.0,47.0,1001.0,1006.0,997.0,short,19.0,22.2,24.2
2018,EP112018,35.0,45.0,55.0,25.5,19.5,20.0,10.0,30.0,1006.0,1002.0,998.0,short,13.3,15.8,19.0
2019,EP112019,35.0,45.0,110.0,61.5,88.5,75.0,65.0,140.0,1006.0,1001.0,953.0,medium,12.7,18.2,23.8
2020,EP112020,35.0,23.0,35.0,1.5,22.5,0.0,12.0,12.0,1004.0,1007.0,1004.0,short,20.4,20.4,23.1
2021,EP112021,35.0,28.0,55.0,19.5,94.5,20.0,27.0,47.0,1005.0,1008.0,994.0,medium,15.6,15.7,22.5
2022,EP112022,35.0,43.0,45.0,19.5,16.5,10.0,2.0,12.0,1000.0,1000.0,999.0,short,19.6,22.5,25.0
2023,EP112023,35.0,43.0,140.0,43.5,76.5,105.0,97.0,202.0,1004.0,1000.0,926.0,medium,12.4,15.3,23.6
2024,EP112024,35.0,35.0,35.0,1.5,31.5,0.0,0.0,0.0,1003.0,1001.0,1001.0,short,15.2,15.2,14.7
1982,EP121982,35.0,25.0,55.0,22.5,115.5,20.0,30.0,50.0,,,,medium,11.0,13.2,18.7
1983,EP121983,35.0,25.0,100.0,43.5,145.5,65.0,75.0,140.0,,,,medium,15.3,16.5,25.3
1984,EP121984,35.0,25.0,45.0,13.5,91.5,10.0,20.0,30.0,,,,medium,12.2,12.8,15.4
1985,EP121985,35.0,25.0,45.0,10.5,205.5,10.0,20.0,30.0,,,,long,13.6,13.7,16.4
1986,EP121986,35.0,30.0,45.0,37.5,37.5,10.0,15.0,25.0,,,,short,14.0,16.0,18.7
1987,EP121987,35.0,25.0,75.0,61.5,49.5,40.0,50.0,90.0,,,,medium,13.5,17.4,20.4
1988,EP121988,35.0,20.0,90.0,55.5,157.5,55.0,70.0,125.0,1005.0,1015.0,970.0,long,13.6,17.2,23.5
1989,EP121989,35.0,20.0,105.0,97.5,145.5,70.0,85.0,155.0,1004.0,1012.0,955.0,long,14.9,18.7,19.2
1991,EP121991,35.0,20.0,115.0,49.5,199.5,80.0,95.0,175.0,1005.0,1011.0,945.0,long,11.7,13.4,22.5
1993,EP121993,35.0,20.0,130.0,121.5,157.5,95.0,110.0,205.0,1004.0,1009.0,932.0,long,12.4,17.2,24.8
1997,EP121997,35.0,25.0,120.0,64.5,34.5,85.0,95.0,180.0,1005.0,1009.0,942.0,short,11.3,18.0,20.5
1999,EP121999,35.0,20.0,65.0,28.5,73.5,30.0,45.0,75.0,1007.0,1009.0,986.0,medium,18.9,21.5,23.2
2000,EP122000,35.0,25.0,60.0,55.5,43.5,25.0,35.0,60.0,1005.0,1008.0,994.0,short,15.1,17.3,17.5
2001,EP122001,35.0,25.0,65.0,25.5,55.5,30.0,40.0,70.0,1003.0,1006.0,990.0,short,17.0,18.2,19.2
2002,EP122002,35.0,25.0,60.0,46.5,58.5,25.0,35.0,60.0,1003.0,1004.0,990.0,medium,16.5,21.6,24.3
2003,EP122003,35.0,25.0,65.0,25.5,58.5,30.0,40.0,70.0,1004.0,1007.0,987.0,short,16.5,19.0,20.1
2004,EP122004,35.0,30.0,65.0,163.5,28.5,30.0,35.0,65.0,1004.0,1005.0,987.0,medium,15.4,17.8,18.1
2005,EP122005,35.0,25.0,35.0,1.5,31.5,0.0,10.0,10.0,1005.0,1007.0,1005.0,short,12.4,12.4,14.2
2006,EP122006,35.0,23.0,70.0,31.5,184.5,35.0,47.0,82.0,1005.0,1009.0,985.0,long,16.3,17.8,15.3
2007,EP122007,35.0,25.0,70.0,46.5,70.5,35.0,45.0,80.0,1004.0,1007.0,984.0,medium,14.0,17.5,22.0
2008,EP122008,35.0,25.0,35.0,1.5,28.5,0.0,10.0,10.0,1000.0,1006.0,1000.0,short,19.2,19.2,20.2
2009,EP122009,35.0,30.0,45.0,13.5,46.5,10.0,15.0,25.0,1004.0,1006.0,999.0,short,17.2,18.3,24.6
2010,EP122010,35.0,30.0,35.0,1.5,55.5,0.0,5.0,5.0,1001.0,1000.0,999.0,short,20.1,20.1,28.3
2012,EP122012,35.0,35.0,75.0,55.5,28.5,40.0,40.0,80.0,1004.0,1007.0,985.0,short,13.1,18.0,20.6
2013,EP122013,35.0,28.0,45.0,25.5,28.5,10.0,17.0,27.0,1004.0,1007.0,1002.0,short,18.1,21.8,23.6
2014,EP122014,35.0,30.0,65.0,67.5,70.5,30.0,35.0,65.0,1002.0,1002.0,980.0,medium,16.5,19.8,25.0
2015,EP122015,35.0,58.0,125.0,109.5,136.5,90.0,67.0,157.0,1004.0,985.0,942.0,long,12.8,17.1,34.1
2016,EP122016,35.0,30.0,45.0,31.5,70.5,10.0,15.0,25.0,1004.0,1007.0,1000.0,medium,18.0,19.8,22.3
2017,EP122017,35.0,25.0,35.0,1.5,46.5,0.0,10.0,10.0,1003.0,1006.0,1003.0,short,18.8,18.8,20.4
2018,EP122018,35.0,40.0,95.0,43.5,64.5,60.0,55.0,115.0,1004.0,1001.0,964.0,medium,14.5,18.3,25.9
2019,EP122019,35.0,33.0,35.0,1.5,16.5,0.0,2.0,2.0,1004.0,1006.0,1004.0,short,12.1,12.1,11.4
2020,EP122020,35.0,38.0,115.0,43.5,76.5,80.0,77.0,157.0,1004.0,1002.0,950.0,medium,11.8,17.7,25.0
2021,EP122021,35.0,50.0,115.0,97.5,124.5,80.0,65.0,145.0,1006.0,1000.0,953.0,long,13.4,18.6,19.6
2022,EP122022,35.0,38.0,85.0,67.5,52.5,50.0,47.0,97.0,1004.0,993.0,968.0,medium,14.7,20.6,30.4
2024,EP122024,35.0,48.0,140.0,73.5,64.5,105.0,92.0,197.0,1005.0,1002.0,926.0,medium,13.4,14.1,22.1
1982,EP131982,35.0,25.0,75.0,67.5,103.5,40.0,50.0,90.0,,,,medium,13.6,15.6,29.5
1983,EP131983,35.0,20.0,100.0,115.5,79.5,65.0,80.0,145.0,,,,medium,12.3,19.9,30.3
1984,EP131984,35.0,25.0,75.0,43.5,43.5,40.0,50.0,90.0,,,,short,15.8,17.8,24.8
1985,EP131985,35.0,25.0,65.0,37.5,115.5,30.0,40.0,70.0,,,,medium,15.9,17.4,26.7
1986,EP131986,35.0,25.0,60.0,37.5,103.5,25.0,35.0,60.0,,,,medium,12.3,13.2,20.5
1987,EP131987,35.0,25.0,135.0,79.5,79.5,100.0,110.0,210.0,,,,medium,11.1,15.1,21.8
1988,EP131988,35.0,25.0,125.0,265.5,271.5,90.0,100.0,190.0,1005.0,1010.0,932.0,long,10.1,11.9,18.4
1989,EP131989,35.0,25.0,55.0,19.5,67.5,20.0,30.0,50.0,1005.0,1011.0,992.0,short,17.3,18.9,20.0
1990,EP131990,35.0,25.0,100.0,73.5,85.5,65.0,75.0,140.0,1005.0,1010.0,960.0,medium,12.7,16.7,17.1
1991,EP131991,35.0,25.0,125.0,127.5,268.5,90.0,100.0,190.0,1005.0,1009.0,935.0,long,12.4,17.6,25.5
1992,EP131992,35.0,25.0,45.0,13.5,79.5,10.0,20.0,30.0,1006.0,1009.0,1000.0,short,19.1,19.1,17.8
1993,EP131993,35.0,25.0,130.0,58.5,73.5,95.0,105.0,200.0,1004.0,1006.0,930.0,medium,11.6,16.7,30.5
1994,EP131994,35.0,25.0,90.0,43.5,97.5,55.0,65.0,120.0,1007.0,992.0,992.0,medium,15.9,16.5,14.5
1997,EP131997,35.0,25.0,50.0,19.5,49.5,15.0,25.0,40.0,1004.0,1009.0,994.0,short,18.7,20.0,21.2
1998,EP131998,35.0,25.0,65.0,16.5,79.5,30.0,40.0,70.0,1007.0,1009.0,987.0,short,15.9,16.0,11.6
1999,EP131999,35.0,25.0,65.0,37.5,43.5,30.0,40.0,70.0,1002.0,1006.0,987.0,short,16.2,20.7,25.3
2000,EP132000,35.0,25.0,35.0,1.5,25.5,0.0,10.0,10.0,1004.0,1007.0,1004.0,short,13.2,13.2,14.7
2001,EP132001,35.0,25.0,50.0,25.5,31.5,15.0,25.0,40.0,1004.0,1009.0,997.0,short,12.6,15.7,19.6
2002,EP132002,35.0,25.0,40.0,7.5,19.5,5.0,15.0,20.0,1003.0,1005.0,1000.0,short,16.1,17.0,19.4
2003,EP132003,35.0,20.0,85.0,73.5,64.5,50.0,65.0,115.0,1000.0,1007.0,970.0,medium,16.9,22.0,31.6
2004,EP132004,35.0,23.0,130.0,61.5,136.5,95.0,107.0,202.0,1002.0,1003.0,930.0,medium,11.7,15.9,27.7
2005,EP132005,35.0,30.0,70.0,43.5,49.5,35.0,40.0,75.0,1005.0,1007.0,987.0,short,15.2,19.3,21.8
2006,EP132006,35.0,25.0,110.0,55.5,25.5,75.0,85.0,160.0,1000.0,1005.0,952.0,short,16.7,23.1,26.0
2008,EP132008,35.0,30.0,45.0,13.5,97.5,10.0,15.0,25.0,1002.0,1000.0,998.0,medium,15.7,16.9,23.0
2009,EP132009,35.0,23.0,135.0,67.5,100.5,100.0,112.0,212.0,1005.0,1006.0,931.0,medium,13.7,18.2,27.4
2011,EP132011,35.0,28.0,125.0,43.5,70.5,90.0,97.0,187.0,1004.0,1007.0,940.0,medium,11.5,12.9,13.2
2012,EP132012,35.0,33.0,105.0,49.5,76.5,70.0,72.0,142.0,1003.0,998.0,959.0,medium,13.9,17.5,22.1
2013,EP132013,35.0,40.0,65.0,127.5,19.5,30.0,25.0,55.0,998.0,999.0,983.0,medium,15.3,24.1,25.3
2014,EP132014,35.0,38.0,140.0,61.5,94.5,105.0,102.0,207.0,1006.0,999.0,918.0,medium,12.6,15.9,25.2
2015,EP132015,35.0,30.0,135.0,49.5,280.5,100.0,105.0,205.0,1005.0,1005.0,932.0,long,12.2,12.2,24.8
2016,EP132016,35.0,45.0,125.0,145.5,178.5,90.0,80.0,170.0,1005.0,1001.0,944.0,long,16.0,17.7,37.4
2017,EP132017,35.0,45.0,115.0,55.5,52.5,80.0,70.0,150.0,1005.0,1001.0,951.0,medium,14.9,16.9,23.7
2018,EP132018,35.0,25.0,60.0,79.5,52.5,25.0,35.0,60.0,1004.0,1009.0,991.0,medium,14.6,17.8,22.4
2019,EP132019,35.0,35.0,115.0,67.5,220.5,80.0,80.0,160.0,1004.0,1005.0,950.0,long,15.9,17.0,17.7
2020,EP132020,35.0,28.0,40.0,25.5,34.5,5.0,12.0,17.0,1005.0,1007.0,1001.0,short,17.2,18.4,23.1
2021,EP132021,35.0,33.0,40.0,13.5,16.5,5.0,7.0,12.0,1004.0,1004.0,1002.0,short,19.6,20.5,20.6
2022,EP132022,35.0,30.0,35.0,1.5,31.5,0.0,5.0,5.0,1005.0,1006.0,1005.0,short,13.1,13.1,15.8
2023,EP132023,35.0,30.0,45.0,25.5,46.5,10.0,15.0,25.0,1005.0,1005.0,1000.0,short,14.7,15.6,19.4
2024,EP132024,35.0,28.0,40.0,7.5,22.5,5.0,12.0,17.0,1005.0,1008.0,1004.0,short,11.1,11.2,11.1
1982,EP141982,35.0,25.0,90.0,73.5,109.5,55.0,65.0,120.0,,,,medium,11.9,16.0,25.8
1983,EP141983,35.0,25.0,60.0,193.5,43.5,25.0,35.0,60.0,,,,long,15.2,17.5,14.7
1984,EP141984,38.0,20.0,80.0,58.5,73.5,42.0,60.0,102.0,,,,medium,17.0,23.4,30.5
1985,EP141985,35.0,25.0,40.0,13.5,37.5,5.0,15.0,20.0,,,,short,18.0,19.0,23.5
1986,EP141986,35.0,50.0,75.0,79.5,19.5,40.0,25.0,65.0,,,,short,14.8,25.2,27.3
1987,EP141987,35.0,25.0,65.0,43.5,73.5,30.0,40.0,70.0,,,,medium,18.2,19.9,24.2
1989,EP141989,35.0,15.0,105.0,31.5,67.5,70.0,90.0,160.0,1003.0,1010.0,955.0,short,21.9,23.5,21.0
1990,EP141990,35.0,20.0,75.0,91.5,109.5,40.0,55.0,95.0,1005.0,1011.0,980.0,long,14.6,15.8,19.5
1991,EP141991,35.0,20.0,105.0,43.5,193.5,70.0,85.0,155.0,1005.0,1011.0,957.0,long,14.4,16.7,18.5
1992,EP141992,35.0,20.0,70.0,49.5,49.5,35.0,50.0,85.0,1005.0,1006.0,985.0,short,17.5,24.0,35.0
1993,EP141993,35.0,20.0,85.0,127.5,127.5,50.0,65.0,115.0,1001.0,1004.0,970.0,long,11.3,21.3,20.8
1994,EP141994,35.0,25.0,115.0,61.5,91.5,80.0,90.0,170.0,1006.0,1010.0,948.0,medium,18.2,18.4,21.2
1997,EP141997,35.0,30.0,160.0,55.5,133.5,125.0,130.0,255.0,1005.0,1006.0,902.0,medium,13.5,17.1,23.5
1998,EP141998,35.0,25.0,100.0,163.5,97.5,65.0,75.0,140.0,1004.0,1005.0,965.0,long,12.7,16.8,17.7
1999,EP141999,35.0,25.0,50.0,25.5,37.5,15.0,25.0,40.0,1004.0,1007.0,996.0,short,17.7,19.0,18.0
2000,EP142000,35.0,25.0,85.0,109.5,97.5,50.0,60.0,110.0,1004.0,1006.0,967.0,long,15.9,20.2,32.2
2002,EP142002,35.0,35.0,145.0,67.5,25.5,110.0,110.0,220.0,1004.0,1000.0,913.0,short,11.5,18.3,23.7
2003,EP142003,35.0,25.0,90.0,55.5,115.5,55.0,65.0,120.0,1005.0,1004.0,969.0,medium,15.6,16.9,23.8
2004,EP142004,35.0,25.0,40.0,7.5,22.5,5.0,15.0,20.0,1005.0,1007.0,1004.0,short,14.1,14.4,16.0
2005,EP142005,35.0,25.0,50.0,31.5,70.5,15.0,25.0,40.0,1005.0,1006.0,997.0,medium,15.0,16.3,22.2
2006,EP142006,35.0,28.0,40.0,13.5,34.5,5.0,12.0,17.0,1003.0,1003.0,999.0,short,17.7,18.5,19.7
2007,EP142007,35.0,25.0,50.0,25.5,46.5,15.0,25.0,40.0,1004.0,1006.0,997.0,short,15.4,18.1,23.7
2008,EP142008,38.0,25.0,70.0,64.5,70.5,32.0,45.0,77.0,1003.0,1007.0,984.0,medium,16.6,17.7,18.9
2009,EP142009,35.0,28.0,45.0,13.5,58.5,10.0,17.0,27.0,1005.0,1008.0,1000.0,short,12.7,13.9,18.1
2012,EP142012,45.0,28.0,45.0,1.5,28.5,0.0,17.0,17.0,997.0,1004.0,997.0,short,21.5,21.5,26.0
2013,EP142013,35.0,28.0,55.0,19.5,64.5,20.0,27.0,47.0,1005.0,1007.0,997.0,short,13.1,14.4,16.4
2014,EP142014,35.0,43.0,110.0,91.5,40.5,75.0,67.0,142.0,1004.0,999.0,950.0,medium,17.0,24.4,26.5
2015,EP142015,35.0,28.0,50.0,49.5,40.5,15.0,22.0,37.0,1006.0,1007.0,998.0,short,13.1,18.5,23.0
2016,EP142016,35.0,28.0,115.0,79.5,82.5,80.0,87.0,167.0,1006.0,1009.0,950.0,medium,13.9,18.9,16.5
2017,EP142017,35.0,30.0,55.0,25.5,58.5,20.0,25.0,45.0,1001.0,1003.0,986.0,short,19.8,22.4,29.1
2018,EP142018,35.0,28.0,140.0,157.5,166.5,105.0,112.0,217.0,1006.0,1007.0,926.0,long,10.7,14.3,18.8
2019,EP142019,35.0,30.0,60.0,19.5,100.5,25.0,30.0,55.0,1004.0,1006.0,991.0,medium,12.9,14.4,22.7
2020,EP142020,35.0,28.0,50.0,37.5,58.5,15.0,22.0,37.0,1004.0,1006.0,997.0,short,15.5,17.7,23.0
2021,EP142021,35.0,25.0,75.0,73.5,43.5,40.0,50.0,90.0,1004.0,1007.0,976.0,medium,12.3,19.1,24.3
2022,EP142022,35.0,33.0,55.0,55.5,22.5,20.0,22.0,42.0,1004.0,1004.0,991.0,short,14.9,20.5,21.0
1982,EP151982,35.0,25.0,125.0,61.5,97.5,90.0,100.0,190.0,,,,medium,12.2,17.1,31.0
1983,EP151983,35.0,25.0,45.0,10.5,85.5,10.0,20.0,30.0,,,,short,13.2,14.2,24.0
1984,EP151984,35.0,45.0,115.0,145.5,127.5,80.0,70.0,150.0,,,,long,18.1,17.3,27.1
1985,EP151985,35.0,25.0,75.0,67.5,109.5,40.0,50.0,90.0,,,,medium,12.7,20.0,26.0
1986,EP151986,35.0,25.0,70.0,25.5,61.5,35.0,45.0,80.0,,,,short,12.9,14.8,16.8
1987,EP151987,35.0,25.0,100.0,37.5,109.5,65.0,75.0,140.0,,,,medium,11.4,14.5,17.5
1989,EP151989,35.0,20.0,65.0,85.5,133.5,30.0,45.0,75.0,1007.0,1013.0,989.0,long,15.9,20.6,20.2
1990,EP151990,35.0,20.0,65.0,37.5,127.5,30.0,45.0,75.0,1005.0,1014.0,986.0,medium,17.7,19.5,19.9
1991,EP151991,35.0,25.0,70.0,67.5,169.5,35.0,45.0,80.0,1006.0,1009.0,979.0,long,14.3,17.3,20.8
1992,EP151992,35.0,25.0,45.0,19.5,55.5,10.0,20.0,30.0,1005.0,1010.0,999.0,short,13.2,14.3,16.0
1993,EP151993,35.0,25.0,40.0,37.5,49.5,5.0,15.0,20.0,1004.0,1008.0,1000.0,short,11.2,11.0,13.9
1994,EP151994,35.0,25.0,40.0,25.5,79.5,5.0,15.0,20.0,1005.0,1011.0,1002.0,medium,14.8,16.3,14.9
1997,EP151997,35.0,25.0,40.0,7.5,55.5,5.0,15.0,20.0,1004.0,1006.0,1002.0,short,13.9,13.6,11.6
1998,EP151998,35.0,25.0,75.0,151.5,37.5,40.0,50.0,90.0,1006.0,1004.0,979.0,medium,14.6,20.6,23.7
2000,EP152000,35.0,25.0,35.0,1.5,25.5,0.0,10.0,10.0,1004.0,1005.0,1004.0,short,20.6,20.6,23.7
2001,EP152001,35.0,25.0,50.0,127.5,37.5,15.0,25.0,40.0,1005.0,1009.0,997.0,medium,14.7,18.0,21.8
2002,EP152002,35.0,25.0,45.0,127.5,58.5,10.0,20.0,30.0,1004.0,1009.0,1002.0,medium,11.8,13.3,11.4
2003,EP152003,35.0,25.0,65.0,52.5,61.5,30.0,40.0,70.0,1004.0,1004.0,987.0,medium,11.9,16.5,20.8
2004,EP152004,35.0,30.0,45.0,7.5,13.5,10.0,15.0,25.0,1004.0,1004.0,1000.0,short,16.2,16.4,16.7
2005,EP152005,35.0,25.0,90.0,49.5,64.5,55.0,65.0,120.0,1003.0,1004.0,970.0,medium,17.3,21.6,25.4
2006,EP152006,35.0,30.0,45.0,13.5,139.5,10.0,15.0,25.0,1004.0,1000.0,1000.0,medium,15.4,16.2,18.8
2007,EP152007,35.0,28.0,60.0,103.5,76.5,25.0,32.0,57.0,1001.0,1008.0,991.0,medium,14.1,18.2,18.4
2008,EP152008,35.0,30.0,115.0,91.5,91.5,80.0,85.0,165.0,1005.0,995.0,945.0,medium,14.1,16.4,28.3
2009,EP152009,35.0,30.0,70.0,61.5,46.5,35.0,40.0,75.0,1004.0,1006.0,985.0,medium,15.3,16.8,20.6
2012,EP152012,35.0,35.0,50.0,13.5,40.5,15.0,15.0,30.0,1004.0,1006.0,997.0,short,13.7,14.2,16.1
2013,EP152013,35.0,25.0,55.0,19.5,46.5,20.0,30.0,50.0,1003.0,1007.0,994.0,short,15.6,18.8,26.2
2014,EP152014,35.0,25.0,120.0,97.5,91.5,85.0,95.0,180.0,1004.0,1003.0,918.0,medium,14.4,18.5,31.0
2015,EP152015,35.0,40.0,110.0,55.5,46.5,75.0,70.0,145.0,999.0,999.0,950.0,medium,13.2,20.6,25.5
2016,EP152016,35.0,35.0,80.0,37.5,34.5,45.0,45.0,90.0,1002.0,1004.0,977.0,short,15.7,22.1,30.4
2017,EP152017,35.0,33.0,100.0,121.5,34.5,65.0,67.0,132.0,1003.0,1007.0,965.0,medium,15.2,17.6,19.1
2018,EP152018,35.0,30.0,85.0,127.5,46.5,50.0,55.0,105.0,1005.0,1007.0,974.0,medium,13.5,18.7,25.7
2019,EP152019,35.0,28.0,75.0,85.5,40.5,40.0,47.0,87.0,1006.0,1006.0,985.0,medium,12.3,23.0,28.2
2020,EP152020,35.0,30.0,40.0,25.5,25.5,5.0,10.0,15.0,1005.0,1007.0,1004.0,short,14.8,16.8,19.3
2021,EP152021,35.0,33.0,89.0,40.5,25.5,54.0,56.0,110.0,1005.0,1004.0,975.0,short,18.8,23.0,24.7
2022,EP152022,35.0,28.0,55.0,19.5,76.5,20.0,27.0,47.0,1005.0,1008.0,997.0,short,17.2,17.6,18.9
2023,EP152023,35.0,40.0,120.0,187.5,10.5,85.0,80.0,165.0,1006.0,999.0,942.0,medium,11.5,20.1,23.0
1982,EP161982,35.0,85.0,95.0,85.5,19.5,60.0,10.0,70.0,,,,medium,14.8,21.5,25.7
1983,EP161983,35.0,20.0,100.0,55.5,73.5,65.0,80.0,145.0,,,,medium,12.7,15.1,26.9
1984,EP161984,35.0,38.0,90.0,103.5,16.5,55.0,52.0,107.0,,,,medium,14.5,16.5,18.5
1985,EP161985,35.0,30.0,75.0,127.5,109.5,40.0,45.0,85.0,,,,long,13.9,18.2,28.0
1986,EP161986,35.0,25.0,85.0,49.5,19.5,50.0,60.0,110.0,,,,short,15.4,22.5,27.2
1987,EP161987,35.0,30.0,35.0,1.5,7.5,0.0,5.0,5.0,,,,short,22.4,22.4,22.9
1989,EP161989,35.0,25.0,40.0,19.5,31.5,5.0,15.0,20.0,1005.0,1008.0,1002.0,short,13.4,14.9,18.4
1990,EP161990,35.0,25.0,120.0,61.5,241.5,85.0,95.0,180.0,1003.0,1014.0,944.0,long,13.2,14.8,16.0
1991,EP161991,35.0,30.0,90.0,55.5,73.5,55.0,60.0,115.0,1000.0,1002.0,970.0,medium,11.0,13.3,21.4
1992,EP161992,35.0,25.0,45.0,37.5,49.5,10.0,20.0,30.0,1007.0,1010.0,999.0,short,11.7,13.0,14.9
1993,EP161993,35.0,25.0,45.0,13.5,61.5,10.0,20.0,30.0,1002.0,1013.0,1000.0,short,15.7,17.5,21.3
1994,EP161994,35.0,25.0,35.0,1.5,49.5,0.0,10.0,10.0,1006.0,1011.0,1004.0,short,18.1,18.1,22.6
1997,EP161997,35.0,25.0,115.0,115.5,115.5,80.0,90.0,170.0,1001.0,1004.0,950.0,long,13.6,16.6,36.1
2000,EP162000,35.0,25.0,45.0,10.5,49.5,10.0,20.0,30.0,1006.0,1006.0,998.0,short,17.5,18.3,23.7
2001,EP162001,35.0,25.0,75.0,31.5,79.5,40.0,50.0,90.0,1004.0,1005.0,980.0,medium,11.6,14.5,16.9
2003,EP162003,35.0,23.0,70.0,31.5,100.5,35.0,47.0,82.0,1002.0,1009.0,984.0,medium,10.3,11.7,15.8
2006,EP162006,35.0,25.0,40.0,7.5,58.5,5.0,15.0,20.0,1003.0,1008.0,1000.0,short,13.9,14.5,17.5
2008,EP162008,35.0,25.0,50.0,25.5,64.5,15.0,25.0,40.0,1005.0,1007.0,997.0,short,12.5,13.8,18.6
2009,EP162009,35.0,28.0,40.0,7.5,64.5,5.0,12.0,17.0,1003.0,1005.0,1002.0,short,18.6,18.8,22.3
2012,EP162012,35.0,48.0,105.0,49.5,34.5,70.0,57.0,127.0,1005.0,989.0,959.0,short,13.9,17.9,25.6
2013,EP162013,35.0,28.0,40.0,7.5,52.5,5.0,12.0,17.0,1002.0,1008.0,1001.0,short,13.7,14.7,18.3
2016,EP162016,35.0,33.0,95.0,37.5,100.5,60.0,62.0,122.0,1007.0,1006.0,967.0,medium,14.5,17.7,20.0
2017,EP162017,35.0,25.0,80.0,25.5,13.5,45.0,55.0,100.0,1005.0,1005.0,980.0,short,16.0,16.6,17.0
2018,EP162018,35.0,45.0,130.0,49.5,220.5,95.0,85.0,180.0,1004.0,1000.0,937.0,long,17.2,17.6,26.7
2019,EP162019,35.0,30.0,45.0,49.5,13.5,10.0,15.0,25.0,1004.0,1002.0,997.0,short,14.6,23.6,26.9
2020,EP162020,35.0,33.0,50.0,43.5,40.5,15.0,17.0,32.0,1003.0,1005.0,996.0,short,17.0,18.7,22.6
2021,EP162021,35.0,40.0,65.0,43.5,37.5,30.0,25.0,55.0,1006.0,999.0,987.0,short,14.6,18.6,25.1
2022,EP162022,35.0,45.0,115.0,85.5,31.5,80.0,70.0,150.0,1006.0,998.0,954.0,medium,14.1,19.3,23.2
2023,EP162023,35.0,35.0,60.0,22.5,7.5,25.0,25.0,50.0,1003.0,1000.0,990.0,short,15.8,17.3,17.9
1982,EP171982,35.0,25.0,45.0,43.5,97.5,10.0,20.0,30.0,,,,medium,12.6,13.7,18.6
1983,EP171983,35.0,20.0,125.0,61.5,223.5,90.0,105.0,195.0,,,,long,12.3,12.4,22.0
1984,EP171984,35.0,30.0,100.0,70.5,49.5,65.0,70.0,135.0,,,,medium,12.8,19.4,24.5
1985,EP171985,35.0,30.0,125.0,163.5,67.5,90.0,95.0,185.0,,,,long,15.3,17.2,25.6
1986,EP171986,35.0,55.0,125.0,73.5,76.5,90.0,70.0,160.0,,,,medium,10.5,13.4,23.1
1987,EP171987,35.0,20.0,120.0,85.5,73.5,85.0,100.0,185.0,,,,medium,12.2,15.1,22.0
1989,EP171989,35.0,20.0,45.0,25.5,73.5,10.0,25.0,35.0,1007.0,1012.0,1000.0,short,14.6,15.9,20.1
1990,EP171990,35.0,20.0,70.0,109.5,103.5,35.0,50.0,85.0,1005.0,1011.0,983.0,long,13.1,21.1,22.9
1992,EP171992,35.0,25.0,125.0,73.5,211.5,90.0,100.0,190.0,1005.0,1010.0,934.0,long,10.1,14.0,19.2
1994,EP171994,35.0,20.0,130.0,67.5,103.5,95.0,110.0,205.0,1005.0,1010.0,923.0,medium,12.9,17.8,22.1
1997,EP171997,35.0,25.0,60.0,28.5,361.5,25.0,35.0,60.0,1007.0,1009.0,989.0,long,11.7,14.5,19.0
2000,EP172000,35.0,20.0,55.0,19.5,157.5,20.0,35.0,55.0,1005.0,1008.0,994.0,medium,15.3,15.4,21.0
2001,EP172001,35.0,30.0,75.0,43.5,43.5,40.0,45.0,85.0,1005.0,1009.0,980.0,short,12.5,16.5,18.8
2006,EP172006,35.0,25.0,90.0,49.5,64.5,55.0,65.0,120.0,1002.0,1006.0,970.0,medium,15.8,16.3,24.7
2009,EP172009,35.0,30.0,50.0,19.5,28.5,15.0,20.0,35.0,1005.0,1006.0,997.0,short,15.9,17.0,17.4
2012,EP172012,35.0,30.0,45.0,19.5,82.5,10.0,15.0,25.0,1004.0,1007.0,1001.0,medium,14.3,14.4,12.7
2013,EP172013,35.0,30.0,110.0,37.5,208.5,75.0,80.0,155.0,1003.0,1007.0,951.0,long,14.2,16.4,19.6
2014,EP172014,35.0,28.0,65.0,49.5,106.5,30.0,37.0,67.0,1007.0,1005.0,979.0,medium,11.4,16.0,22.4
2015,EP172015,35.0,38.0,70.0,46.5,34.5,35.0,32.0,67.0,1004.0,1003.0,987.0,short,13.3,16.6,16.1
2016,EP172016,35.0,40.0,80.0,37.5,22.5,45.0,40.0,85.0,1004.0,1002.0,979.0,short,16.8,22.0,26.0
2017,EP172017,35.0,30.0,65.0,37.5,94.5,30.0,35.0,65.0,1004.0,1006.0,985.0,medium,16.9,18.9,21.8
2018,EP172018,35.0,35.0,115.0,121.5,172.5,80.0,80.0,160.0,1004.0,1007.0,951.0,long,15.4,18.9,19.0
2020,EP172020,35.0,33.0,45.0,37.5,58.5,10.0,12.0,22.0,1003.0,1006.0,1001.0,short,17.2,19.6,21.5
2021,EP172021,35.0,50.0,90.0,61.5,13.5,55.0,40.0,95.0,1005.0,997.0,977.0,short,12.9,17.2,19.0
2022,EP172022,35.0,33.0,40.0,25.5,10.5,5.0,7.0,12.0,1006.0,1007.0,1005.0,short,15.9,17.5,18.0
2023,EP172023,35.0,32.0,115.0,43.5,94.5,80.0,83.0,163.0,1004.0,997.0,939.0,medium,12.9,16.9,24.6
1982,EP181982,35.0,25.0,110.0,85.5,145.5,75.0,85.0,160.0,,,,long,9.3,13.7,18.8
1983,EP181983,35.0,33.0,40.0,97.5,16.5,5.0,7.0,12.0,,,,medium,13.8,11.2,10.3
1984,EP181984,35.0,25.0,55.0,25.5,151.5,20.0,30.0,50.0,,,,medium,11.8,12.6,15.2
1985,EP181985,35.0,25.0,110.0,49.5,193.5,75.0,85.0,160.0,,,,long,14.1,15.5,18.8
1987,EP181987,35.0,20.0,35.0,1.5,85.5,0.0,15.0,15.0,,,,short,11.8,11.8,24.1
1989,EP181989,35.0,20.0,115.0,67.5,91.5,80.0,95.0,175.0,1005.0,1012.0,948.0,medium,14.4,20.9,28.4
1992,EP181992,35.0,45.0,125.0,91.5,46.5,90.0,80.0,170.0,1002.0,1001.0,938.0,medium,11.9,19.5,35.9
1994,EP181994,35.0,20.0,40.0,31.5,73.5,5.0,20.0,25.0,1006.0,1011.0,1003.0,medium,14.3,15.6,14.6
1997,EP181997,35.0,30.0,115.0,31.5,67.5,80.0,85.0,165.0,1005.0,1009.0,948.0,short,11.9,13.2,19.2
2000,EP182000,35.0,25.0,40.0,7.5,55.5,5.0,15.0,20.0,1005.0,1007.0,1003.0,short,10.3,10.3,11.7
2008,EP182008,35.0,30.0,40.0,7.5,43.5,5.0,10.0,15.0,1005.0,1005.0,1003.0,short,8.7,8.6,9.7
2009,EP182009,35.0,30.0,40.0,7.5,40.5,5.0,10.0,15.0,1000.0,999.0,996.0,short,19.6,20.4,23.8
2013,EP182013,35.0,25.0,40.0,13.5,19.5,5.0,15.0,20.0,1005.0,1007.0,1002.0,short,17.8,19.5,24.6
2014,EP182014,35.0,33.0,75.0,73.5,58.5,40.0,42.0,82.0,1004.0,1003.0,980.0,medium,15.3,20.3,23.3
2015,EP182015,35.0,25.0,60.0,43.5,94.5,25.0,35.0,60.0,1006.0,1009.0,993.0,medium,11.1,12.2,16.5
2016,EP182016,35.0,25.0,45.0,13.5,70.5,10.0,20.0,30.0,1005.0,1009.0,999.0,short,16.2,16.7,22.9
2017,EP182017,35.0,30.0,45.0,19.5,22.5,10.0,15.0,25.0,1004.0,1004.0,1000.0,short,18.2,20.0,22.5
2018,EP182018,35.0,30.0,40.0,19.5,52.5,5.0,10.0,15.0,1004.0,1005.0,1002.0,short,16.0,18.1,22.3
2019,EP182019,35.0,30.0,40.0,7.5,34.5,5.0,10.0,15.0,1007.0,1009.0,1006.0,short,10.1,10.0,11.5
2020,EP182020,35.0,38.0,120.0,61.5,106.5,85.0,82.0,167.0,1004.0,1004.0,945.0,medium,13.6,15.9,22.1
2021,EP182021,35.0,25.0,35.0,1.5,73.5,0.0,10.0,10.0,1006.0,1008.0,1006.0,short,8.2,8.2,11.7
2023,EP182023,35.0,40.0,145.0,58.5,16.5,110.0,105.0,215.0,1004.0,1004.0,922.0,short,10.2,16.1,18.6
1982,EP191982,35.0,25.0,45.0,7.5,85.5,10.0,20.0,30.0,,,,short,14.2,14.7,21.0
1983,EP191983,35.0,93.0,115.0,145.5,16.5,80.0,22.0,102.0,,,,medium,11.2,20.1,22.9
1984,EP191984,35.0,25.0,55.0,43.5,127.5,20.0,30.0,50.0,,,,medium,13.6,15.3,15.7
1985,EP191985,35.0,25.0,100.0,79.5,115.5,65.0,75.0,140.0,,,,medium,12.7,18.2,29.0
1989,EP191989,35.0,25.0,55.0,25.5,73.5,20.0,30.0,50.0,1003.0,1010.0,993.0,short,19.3,20.7,20.4
1990,EP191990,35.0,20.0,125.0,58.5,133.5,90.0,105.0,195.0,1004.0,1012.0,935.0,medium,12.8,15.2,17.9
1992,EP191992,35.0,35.0,65.0,49.5,67.5,30.0,30.0,60.0,1005.0,1009.0,987.0,medium,18.2,17.8,16.7
1994,EP191994,35.0,25.0,90.0,55.5,25.5,55.0,65.0,120.0,1005.0,1010.0,974.0,short,16.9,19.8,28.0
1997,EP191997,35.0,25.0,85.0,25.5,31.5,50.0,60.0,110.0,1004.0,1009.0,973.0,short,12.7,15.3,17.0
2000,EP192000,35.0,25.0,55.0,19.5,55.5,20.0,30.0,50.0,1002.0,1003.0,993.0,short,10.8,11.8,16.3
2006,EP192006,35.0,25.0,35.0,1.5,37.5,0.0,10.0,10.0,1002.0,1007.0,1002.0,short,14.8,14.8,16.0
2009,EP192009,35.0,33.0,50.0,13.5,40.5,15.0,17.0,32.0,1003.0,1005.0,996.0,short,17.7,18.8,22.5
2014,EP192014,35.0,33.0,115.0,67.5,70.5,80.0,82.0,162.0,1002.0,1003.0,946.0,medium,17.9,21.0,27.8
2015,EP192015,35.0,43.0,130.0,79.5,172.5,95.0,87.0,182.0,1004.0,1000.0,938.0,long,9.4,10.2,26.4
2016,EP192016,35.0,30.0,65.0,25.5,52.5,30.0,35.0,65.0,1004.0,1010.0,992.0,short,11.9,13.6,18.1
2017,EP192017,35.0,35.0,40.0,4.5,13.5,5.0,5.0,10.0,1003.0,1004.0,1002.0,short,14.4,14.6,15.1
2019,EP192019,35.0,25.0,40.0,7.5,13.5,5.0,15.0,20.0,1004.0,1006.0,1003.0,short,17.4,17.9,19.5
2020,EP192020,35.0,30.0,50.0,19.5,202.5,15.0,20.0,35.0,1005.0,1007.0,1000.0,long,12.5,13.9,24.7
2021,EP192021,35.0,25.0,35.0,1.5,52.5,0.0,10.0,10.0,1006.0,1010.0,1005.0,short,13.5,13.5,14.5
2022,EP192022,35.0,43.0,115.0,55.5,28.5,80.0,72.0,152.0,1006.0,998.0,954.0,short,15.1,18.5,24.8
2023,EP192023,35.0,38.0,55.0,49.5,112.5,20.0,17.0,37.0,1003.0,1004.0,995.0,medium,10.8,11.7,10.5
1983,EP201983,35.0,20.0,35.0,1.5,31.5,0.0,15.0,15.0,,,,short,7.9,7.9,8.5
1985,EP201985,35.0,25.0,35.0,1.5,43.5,0.0,10.0,10.0,,,,short,15.2,15.2,14.2
1990,EP201990,38.0,25.0,65.0,16.5,37.5,27.0,40.0,67.0,1005.0,1010.0,987.0,short,12.8,15.0,15.5
1992,EP201992,35.0,30.0,85.0,211.5,181.5,50.0,55.0,105.0,1005.0,1008.0,975.0,long,17.9,18.9,21.5
2009,EP202009,35.0,30.0,155.0,58.5,85.5,120.0,125.0,245.0,1004.0,1000.0,906.0,medium,12.0,15.2,23.9
2014,EP202014,35.0,25.0,55.0,16.5,16.5,20.0,30.0,50.0,1003.0,1007.0,998.0,short,15.3,16.5,17.3
2015,EP202015,35.0,25.0,185.0,61.5,25.5,150.0,160.0,310.0,1004.0,1000.0,872.0,short,13.1,17.3,23.2
2016,EP202016,35.0,38.0,130.0,61.5,52.5,95.0,92.0,187.0,1005.0,1003.0,940.0,medium,13.2,15.9,21.9
2017,EP202017,35.0,30.0,35.0,1.5,31.5,0.0,5.0,5.0,1004.0,1005.0,1004.0,short,10.5,10.5,13.5
2018,EP202018,35.0,30.0,130.0,70.5,103.5,95.0,100.0,195.0,1005.0,1005.0,936.0,medium,14.5,16.9,29.3
2019,EP202019,35.0,30.0,45.0,13.5,49.5,10.0,15.0,25.0,1006.0,1005.0,1001.0,short,13.2,14.4,20.1
2020,EP202020,35.0,38.0,45.0,31.5,16.5,10.0,7.0,17.0,1006.0,1002.0,1000.0,short,13.7,17.7,18.5
2023,EP202023,35.0,38.0,40.0,31.5,10.5,5.0,2.0,7.0,1004.0,1003.0,1002.0,short,13.1,15.0,14.7
1983,EP211983,35.0,25.0,80.0,31.5,31.5,45.0,55.0,100.0,,,,short,14.5,17.0,17.0
1985,EP211985,35.0,78.0,90.0,43.5,4.5,55.0,12.0,67.0,,,,short,16.8,23.1,23.8
1989,EP211989,35.0,20.0,125.0,103.5,115.5,90.0,105.0,195.0,1003.0,1007.0,935.0,long,15.2,17.0,33.4
1990,EP211990,35.0,25.0,55.0,43.5,25.5,20.0,30.0,50.0,1005.0,1004.0,994.0,short,14.8,20.3,28.5
1992,EP211992,35.0,25.0,75.0,61.5,163.5,40.0,50.0,90.0,1005.0,1010.0,980.0,long,18.6,22.3,23.0
2006,EP212006,35.0,25.0,95.0,31.5,121.5,60.0,70.0,130.0,1006.0,1006.0,965.0,medium,13.0,12.0,14.8
2014,EP212014,35.0,30.0,95.0,97.5,37.5,60.0,65.0,125.0,1005.0,1004.0,964.0,medium,11.1,15.9,21.5
2015,EP212015,35.0,30.0,35.0,1.5,76.5,0.0,5.0,5.0,1002.0,1005.0,1002.0,short,14.2,14.2,17.6
2016,EP212016,35.0,30.0,35.0,1.5,28.5,0.0,5.0,5.0,1005.0,1007.0,1004.0,short,17.5,17.5,18.7
2018,EP212018,35.0,30.0,120.0,115.5,205.5,85.0,90.0,175.0,1005.0,998.0,942.0,long,12.0,14.1,28.1
2020,EP212020,35.0,30.0,40.0,13.5,28.5,5.0,10.0,15.0,1006.0,1007.0,1004.0,short,15.4,16.0,17.0
1985,EP221985,35.0,25.0,100.0,61.5,157.5,65.0,75.0,140.0,,,,long,11.3,16.5,10.0
1990,EP221990,35.0,25.0,60.0,37.5,79.5,25.0,35.0,60.0,1005.0,1012.0,990.0,medium,15.4,17.9,21.9
1992,EP221992,35.0,20.0,130.0,286.5,271.5,95.0,110.0,205.0,1005.0,1013.0,932.0,long,10.8,17.3,33.0
2015,EP222015,35.0,50.0,130.0,55.5,46.5,95.0,80.0,175.0,1004.0,991.0,934.0,medium,10.8,14.1,21.0
2018,EP222018,35.0,35.0,55.0,19.5,19.5,20.0,20.0,40.0,1003.0,1003.0,995.0,short,17.6,18.4,18.9
1990,EP231990,35.0,20.0,135.0,73.5,289.5,100.0,115.0,215.0,1008.0,1010.0,924.0,long,12.5,15.5,19.1
1992,EP231992,35.0,20.0,115.0,31.5,67.5,80.0,95.0,175.0,1005.0,1012.0,948.0,short,14.4,15.9,20.6
2018,EP232018,35.0,25.0,45.0,25.5,67.5,10.0,20.0,30.0,1005.0,1008.0,1002.0,short,13.3,14.5,17.8
1990,EP241990,35.0,20.0,85.0,73.5,139.5,50.0,65.0,115.0,1005.0,1010.0,975.0,long,12.2,17.9,19.4
1992,EP241992,35.0,25.0,100.0,55.5,19.5,65.0,75.0,140.0,1005.0,1009.0,960.0,short,12.5,17.5,21.7
2018,EP242018,35.0,45.0,140.0,43.5,49.5,105.0,95.0,200.0,1005.0,990.0,925.0,short,14.9,17.9,23.8
1992,EP251992,35.0,25.0,40.0,4.5,25.5,5.0,15.0,20.0,1006.0,1009.0,1003.0,short,10.2,10.2,10.3
2018,EP252018,35.0,43.0,55.0,37.5,34.5,20.0,12.0,32.0,1006.0,1003.0,995.0,short,14.4,17.4,18.9
1992,EP261992,35.0,25.0,55.0,61.5,91.5,20.0,30.0,50.0,1005.0,1011.0,993.0,medium,10.9,15.7,16.2
1992,EP271992,35.0,25.0,45.0,91.5,25.5,10.0,20.0,30.0,1005.0,1009.0,1000.0,medium,13.4,19.3,19.8
